Division,Year,Val_1,Val_2,Val_3,Val_4,Val_5,Val_6,Val_7,Val_8,Val_9,Val_10,Val_11,Val_12
01,1895,1.47,-0.5,-0.6,-0.84,0.78,0.46,0.65,0.65,1.48,-0.96,-1.29,0.0
01,1896,1.35,-0.84,-0.94,1.99,3.45,2.96,2.82,2.82,2.55,1.95,2.41,2.29
01,1897,1.17,1.73,2.3,-0.5,-1.05,-0.64,-0.7,-0.76,-0.77,-0.77,-0.78,-1.11
01,1898,-2.15,-1.55,-2.53,-2.82,0.73,1.02,1.32,1.28,1.58,-0.37,-0.58,-1.15
01,1899,-0.69,-1.27,0.9,0.27,0.61,0.67,0.87,0.98,0.88,1.68,2.12,-0.1
01,1900,-0.51,-0.77,-1.15,0.21,0.39,0.72,0.92,1.05,0.82,2.01,-0.57,-1.05
01,1901,-0.96,-0.6,-1.32,-0.78,-0.92,-1.13,-1.25,-0.02,1.12,-0.27,-0.1,-0.65
01,1902,-1.61,2.69,2.33,2.9,3.2,2.71,2.61,2.52,1.9,2.21,2.55,2.22
01,1903,2.79,-0.57,0.66,-0.58,-1.05,-1.27,-1.49,-1.51,-1.77,-2.1,1.66,-0.55
01,1904,-1.31,2.54,4.89,4.91,-0.68,-1.01,-1.01,-1.19,0.74,1.2,-0.51,-0.44
01,1905,-0.29,-0.96,-0.3,-0.75,-0.22,-0.27,-0.09,-0.28,-0.38,-1.0,-1.15,-1.41
01,1906,1.01,1.05,1.98,1.44,2.49,3.2,3.81,3.36,3.03,1.92,1.46,1.76
01,1907,2.02,2.23,4.18,3.67,3.4,3.72,3.93,4.22,-0.01,-0.53,-1.11,-0.12
01,1908,-0.44,-0.32,-1.27,-1.73,0.4,0.42,0.73,-0.23,-0.55,-0.3,-0.62,-1.08
01,1909,3.19,4.09,-0.48,-1.36,-1.81,-2.19,-2.38,-2.5,0.32,0.53,1.3,-0.29
01,1910,-0.59,-0.51,-1.06,-1.57,-1.94,-2.2,-2.47,-2.66,-2.66,-3.01,-2.3,-2.81
01,1911,-1.51,-1.8,-1.68,-1.35,-1.05,-1.02,-0.67,-0.8,-0.73,-1.15,-1.53,-1.6
01,1912,-1.53,-1.85,0.04,0.87,1.37,1.74,2.14,2.28,3.56,-0.09,0.16,-0.53
01,1913,-0.19,-1.27,-1.76,0.12,0.15,0.75,1.64,1.86,-0.21,-1.0,0.55,0.99
01,1914,2.76,-0.16,-1.14,-0.73,-0.96,0.47,0.64,0.49,0.79,1.05,0.21,0.12
01,1915,0.7,2.39,1.73,1.19,2.27,-0.22,0.23,-0.07,-0.48,-1.18,0.06,0.17
01,1916,1.6,-0.19,-0.44,-0.97,-1.0,0.25,0.75,1.06,-0.19,-0.77,-0.83,-0.83
01,1917,-1.39,-0.89,-1.36,-0.92,-0.92,-1.1,-1.2,-1.37,-1.41,-2.27,-2.02,-2.41
01,1918,-3.23,-2.69,-2.51,-2.68,-2.9,-3.14,-3.41,-3.18,0.9,-0.4,-0.34,-0.9
01,1919,0.13,1.3,1.15,0.02,-0.51,-0.87,-1.2,-1.45,-0.84,-1.36,-1.69,-1.38
01,1920,-2.66,-3.4,-3.1,0.53,-0.53,0.31,0.47,0.74,1.14,1.52,2.39,2.79
01,1921,2.95,-0.26,-0.77,-1.25,-0.74,-0.8,-0.67,-0.76,-0.85,-1.1,-1.0,-1.13
01,1922,-2.08,-1.27,-1.08,-1.43,-1.44,-1.28,-1.32,-1.4,-1.56,-0.98,-1.29,-0.77
01,1923,-1.42,-2.24,-3.35,0.76,0.35,0.71,0.93,0.98,1.78,-0.2,-0.86,-1.15
01,1924,-1.87,-2.2,-2.93,-3.48,-4.03,-4.42,-4.77,-4.23,-4.05,1.76,-0.5,-0.55
01,1925,-1.38,1.35,0.55,1.57,2.22,2.14,2.26,2.2,3.01,-0.69,-0.68,-1.28
01,1926,-1.42,-0.79,-2.21,-1.94,-1.9,-2.14,-2.47,-2.37,-2.44,0.16,1.75,1.18
01,1927,1.07,2.34,-0.35,0.37,0.25,0.37,0.42,-0.14,-0.27,-0.57,0.64,-0.55
01,1928,-1.12,-1.53,0.71,1.13,-0.75,-1.14,-1.55,-1.79,-1.86,-2.09,-1.67,-1.71
01,1929,-2.49,-2.91,-3.45,-2.94,-3.25,-2.36,-2.08,-2.01,-2.26,-2.83,-3.38,-1.99
01,1930,-2.03,-1.93,-2.51,-2.2,-2.14,-2.16,-2.15,-2.19,-1.53,-2.0,-2.03,-2.48
01,1931,-2.42,-2.98,-3.07,-3.3,-3.4,-2.58,-2.35,-2.43,-2.45,-1.99,-1.99,-1.16
01,1932,-1.64,-2.39,-2.75,-2.12,-1.45,-1.5,-1.26,-1.23,-1.64,-2.19,-2.1,-2.05
01,1933,-1.7,-2.22,-1.56,-2.11,1.22,1.13,1.25,-0.17,-0.26,-0.37,-1.25,0.82
01,1934,-0.84,-1.16,-1.87,-2.11,0.01,0.21,0.23,0.09,0.0,0.59,0.81,-0.6
01,1935,-0.52,-0.98,-0.98,1.11,-0.63,-1.13,-1.36,-1.39,-1.3,-1.12,-1.58,-1.49
01,1936,1.06,1.59,-0.98,-1.04,0.12,0.85,1.42,1.34,-0.4,-1.28,-1.99,-1.92
01,1937,-2.03,0.64,1.06,1.48,1.01,1.9,2.12,1.8,1.27,1.32,2.41,2.12
01,1938,1.78,3.28,4.9,0.04,-0.53,-0.99,-1.35,-1.63,-1.46,-1.14,-1.3,-1.71
01,1939,-2.06,-2.34,-2.49,-3.19,-2.74,-2.72,-2.67,-2.69,-2.66,-2.95,-3.4,0.88
01,1940,1.16,2.84,2.99,2.26,2.12,1.79,1.35,0.94,1.54,1.57,0.86,1.8
01,1941,2.44,2.72,2.33,2.95,3.44,3.68,4.07,3.92,3.57,2.95,2.48,3.3
01,1942,2.75,2.9,1.71,2.49,3.73,3.25,3.09,2.61,2.01,1.22,1.9,1.86
01,1943,2.2,-0.68,-0.88,0.26,0.16,0.46,0.71,0.64,-0.5,-0.08,-0.71,-1.43
01,1944,-1.71,-1.77,-2.28,0.28,0.36,1.01,1.77,1.91,1.48,1.15,1.69,-0.43
01,1945,-1.33,0.21,0.41,-0.45,1.09,-0.09,0.15,-0.16,-0.48,0.79,1.06,1.75
01,1946,-0.66,-0.87,-1.3,-1.95,-2.18,-2.37,-2.28,-2.35,-2.36,-2.42,-1.82,-2.42
01,1947,-3.15,-3.43,-2.73,-3.05,-3.34,0.67,0.91,1.0,0.58,1.82,-1.12,-1.9
01,1948,-1.87,-2.05,0.02,2.12,2.38,2.7,3.18,3.23,3.65,-0.38,-0.61,-0.43
01,1949,-1.6,-1.4,-0.5,-1.3,-1.03,-1.21,-1.41,-1.53,-1.68,-2.03,-2.17,-2.43
01,1950,1.05,0.68,1.02,0.66,0.46,0.72,0.74,0.47,0.34,2.79,-0.58,-0.53
01,1951,-0.12,-0.06,-0.81,-1.02,-0.79,-1.02,-1.14,-1.16,-1.37,0.44,0.69,1.35
01,1952,1.9,0.0,-0.11,-0.6,-0.74,0.85,1.48,0.02,-0.35,-1.21,-1.38,1.41
01,1953,2.31,1.21,1.19,1.53,2.64,3.0,3.39,3.71,2.97,2.55,2.72,1.66
01,1954,2.82,2.29,2.05,2.23,1.25,1.55,1.34,1.86,-0.04,-0.52,-0.4,-0.34
01,1955,-1.0,-1.72,-2.48,-1.44,-1.97,-2.25,-2.39,-2.45,-2.07,-2.33,0.43,2.05
01,1956,3.23,3.62,-0.97,-1.41,0.17,0.26,0.5,0.37,0.08,1.14,-1.25,-1.83
01,1957,-2.0,0.25,0.92,0.72,1.92,1.46,1.39,1.13,2.24,3.26,2.32,2.06
01,1958,2.32,4.42,4.44,4.69,3.98,4.28,4.42,4.15,-0.17,-0.94,-1.23,-1.55
01,1959,-0.53,-0.01,-0.68,-1.45,-1.76,-2.2,-2.69,-2.76,-1.62,-2.26,-2.83,-2.88
01,1960,-2.66,0.94,1.39,1.1,2.09,-0.32,-0.48,-0.77,-1.21,-1.63,-0.83,-1.06
01,1961,-1.65,0.16,0.88,0.64,1.05,-0.03,0.0,0.14,-0.01,-0.2,0.28,-0.53
01,1962,-1.46,-0.74,-0.61,-1.09,-1.11,-1.31,-1.49,0.6,0.63,2.84,-0.64,-1.07
01,1963,-1.81,-1.71,0.33,2.43,2.38,2.12,2.03,1.81,1.29,1.6,2.01,-0.92
01,1964,-0.48,-1.54,-1.84,-2.35,-2.22,-1.71,-1.31,-1.25,-1.51,-1.79,0.69,2.43
01,1965,2.33,-0.98,-1.98,1.07,-0.55,-0.63,-0.74,-0.02,-0.44,-1.23,0.73,0.28
01,1966,0.75,-0.46,-0.66,-1.08,-1.63,-1.87,-2.04,-1.9,-1.7,-2.35,0.9,0.76
01,1967,1.38,-1.12,0.55,1.52,-0.32,-0.16,-0.26,-0.54,-0.87,-0.88,-1.15,-1.15
01,1968,-0.76,-0.8,-1.12,-1.78,-1.71,-1.85,-2.11,0.76,0.37,0.28,0.27,0.93
01,1969,2.16,2.45,-0.92,-0.79,-1.28,-1.2,-1.35,-1.56,-1.71,-1.37,-1.92,1.04
01,1970,3.12,-0.61,-1.21,-1.49,-1.76,-1.67,-1.85,-2.05,-2.32,0.06,1.36,1.72
01,1971,-0.12,-1.03,1.02,0.94,0.85,0.94,1.11,1.2,1.64,-0.49,-0.2,-0.32
01,1972,-0.5,-0.47,-0.58,-0.33,-0.59,-0.56,-0.77,-0.79,0.53,0.41,0.48,0.33
01,1973,0.83,-0.01,-0.22,-0.87,-1.42,-2.01,-2.52,-2.73,0.86,1.46,3.07,2.86
01,1974,3.11,2.72,3.63,3.6,-0.58,-0.88,-1.01,-1.03,-1.52,-1.78,-2.03,-1.72
01,1975,-2.08,1.09,2.95,2.8,-0.49,-0.74,-0.9,-0.69,-1.09,1.19,-0.7,-1.36
01,1976,-2.48,-2.07,-2.63,-2.3,-2.74,-2.9,-2.87,-1.67,-1.61,-2.26,-2.62,-3.09
01,1977,-3.46,-3.78,-3.85,-4.24,0.48,0.34,0.31,0.41,1.81,1.28,1.43,1.53
01,1978,2.23,2.18,1.93,2.63,2.01,1.65,1.25,1.29,2.41,-1.01,-1.36,-1.86
01,1979,0.03,0.62,-0.61,0.09,0.35,0.09,0.19,0.33,0.2,1.39,-0.03,-0.43
01,1980,-0.49,0.5,-0.34,-0.19,-0.4,-0.23,-0.17,-0.36,-0.67,-1.04,-1.44,-1.09
01,1981,-1.08,-1.34,-1.41,-1.77,-1.63,-1.65,-1.79,-1.96,0.4,1.11,1.9,2.39
01,1982,1.83,1.75,2.29,3.28,2.24,2.22,1.91,1.62,1.6,2.26,2.26,2.43
01,1983,2.47,3.62,5.6,5.77,4.9,4.16,3.76,4.29,3.93,3.04,4.14,4.55
01,1984,-1.46,-1.42,-1.64,-1.31,-1.3,-0.98,-0.81,-0.71,-0.87,0.35,1.8,-0.84
01,1985,-2.2,-2.42,-2.23,-2.89,-3.14,-3.36,-3.62,-3.55,0.58,0.61,-0.18,-0.8
01,1986,0.04,2.14,2.17,-0.49,-0.3,-0.49,-0.67,-0.92,1.5,-0.33,-0.9,-1.18
01,1987,-1.2,-1.38,-0.81,-1.57,-1.97,-2.45,-2.58,-2.72,-3.0,-3.49,-3.28,-2.13
01,1988,-1.92,-2.97,-3.85,-3.69,-3.1,-1.99,-1.07,-1.04,-1.41,-2.17,-0.88,-1.34
01,1989,-2.07,-2.69,1.59,1.1,0.94,0.81,0.58,0.57,1.45,1.83,-0.87,-1.82
01,1990,-1.48,-1.71,-2.26,-2.7,2.05,1.81,1.96,2.21,-0.2,-0.65,-1.17,-1.54
01,1991,-2.36,-2.7,1.46,1.06,1.08,1.03,1.44,1.46,-0.53,-0.89,-1.18,-1.49
01,1992,-2.21,-1.78,-1.99,-1.81,-2.47,-1.94,-1.91,-2.04,-2.28,-1.81,-2.24,0.7
01,1993,1.25,1.22,0.85,1.46,2.62,2.94,3.2,3.44,-0.31,-0.86,-1.31,-1.08
01,1994,-1.6,-1.52,-2.55,-2.49,-2.11,-2.0,-1.83,-1.96,-2.15,-2.66,0.64,0.11
01,1995,2.61,1.37,3.75,4.38,4.21,4.53,5.03,4.76,3.95,2.65,1.71,2.91
01,1996,3.35,3.55,2.78,3.1,3.69,3.21,3.07,2.48,2.25,2.01,1.83,3.3
01,1997,3.64,2.43,1.38,1.19,0.61,0.78,0.71,1.14,1.4,1.42,1.53,0.77
01,1998,2.26,4.11,4.24,3.89,5.0,4.71,4.65,4.03,3.28,2.72,3.68,2.66
01,1999,1.99,3.2,3.06,-0.19,-0.53,-0.83,-1.1,-0.95,-1.39,-1.56,-1.2,-1.96
01,2000,0.49,1.29,-0.71,-0.6,-0.42,-0.44,-0.46,-0.59,-0.69,-0.41,-0.99,-1.62
01,2001,-2.12,-1.99,-2.46,-2.41,-2.86,-2.74,-2.74,-2.76,-2.58,-2.9,-1.76,-1.14
01,2002,-1.39,-1.66,-2.1,-2.25,-2.31,-2.42,-2.64,-2.84,-3.09,-3.72,-0.03,1.99
01,2003,1.28,0.49,0.41,2.49,-0.21,-0.6,-1.07,-1.02,-1.32,-2.18,0.08,0.79
01,2004,0.33,1.14,-0.99,-1.34,-1.55,-1.79,-2.09,-2.19,-2.38,-1.45,-2.13,-1.63
01,2005,-1.99,-2.49,0.17,0.65,2.22,2.87,3.49,3.06,2.36,1.65,1.84,3.15
01,2006,3.23,2.72,3.62,4.14,-0.27,-0.48,-0.96,-1.27,-1.68,-2.28,-1.69,-1.51
01,2007,-2.6,-1.72,-2.67,-2.52,-2.72,-2.81,-2.72,-2.76,-2.8,-1.88,-2.56,-2.32
01,2008,-1.2,-1.46,-2.18,-2.43,-2.63,-2.82,-3.06,-3.1,-3.36,-3.46,-3.27,-3.1
01,2009,-4.11,-3.5,-3.35,-3.67,0.49,0.78,0.99,-0.04,-0.48,-0.29,-0.73,-1.1
01,2010,0.52,0.22,0.06,1.54,1.95,2.16,2.42,2.13,1.83,2.55,-0.44,-0.02
01,2011,-1.23,-1.43,1.74,1.65,1.91,2.37,2.88,2.75,-0.41,-0.23,-0.6,-1.48
01,2012,-1.4,-1.98,1.5,1.6,-0.53,-0.46,-0.47,-0.67,-1.2,-1.33,0.51,1.06
01,2013,-1.18,-2.11,-2.65,-2.78,-2.73,-2.41,-2.41,-2.33,-1.17,-1.94,-2.37,-2.82
01,2014,-3.61,-2.88,-2.15,-2.47,-2.82,-3.12,-3.51,-3.63,-2.67,-2.14,-2.27,-1.56
01,2015,-2.83,-2.47,-3.3,-3.32,-3.4,-3.53,-3.59,-3.56,-3.4,-3.93,-3.87,1.09
01,2016,1.97,0.94,2.05,-0.39,-0.68,-0.8,-1.08,-1.39,-1.8,2.28,1.46,1.2
01,2017,2.29,3.57,3.23,3.77,-0.56,-0.76,-1.23,-1.5,-1.64,-2.11,-1.58,-2.54
01,2018,-2.6,-3.35,-2.65,-1.79,-1.95,-2.12,-2.41,-2.69,-2.84,-3.2,-2.96,-3.05
01,2019,0.01,1.84,1.74,1.53,2.18,-0.29,-0.44,0.02,0.42,-0.65,-1.19,-0.75
01,2020,-0.95,-2.1,-2.65,-2.93,-2.02,-1.9,-1.61,-1.55,-1.9,-2.73,-2.79,-2.85
01,2021,-2.78,-2.92,-3.19,-3.7,-4.2,-4.58,-5.16,-5.32,-4.69,-2.97,-3.54,-3.22
01,2022,-4.18,-4.99,-5.53,-4.51,-4.21,-3.52,-3.09,-3.06,-2.58,-3.3,-3.12,0.54
01,2023,1.19,0.73,2.03,-0.35,-0.4,-0.54,-0.85,-0.96,-0.58,-1.07,-1.32,0.22
01,2024,0.9,1.47,1.79,-0.44,-0.48,-0.72,-1.28,-1.15,-1.53,-2.06,1.1,1.31
01,2025,-1.13,0.71,1.06,-0.52,-1.09,-1.7,-2.16,-2.39,-1.78,-1.62,-1.54,99.99
02,1895,2.1,1.47,0.99,0.67,1.28,1.08,1.24,1.35,2.63,1.6,0.94,0.79
02,1896,2.38,1.12,1.29,3.28,4.21,3.74,3.59,3.46,3.43,2.75,3.46,2.88
02,1897,1.98,2.51,2.93,-0.44,-0.91,-0.73,-0.84,-0.9,-0.9,-0.53,-0.59,-0.96
02,1898,-1.88,-1.61,-2.43,-2.85,0.63,1.11,1.4,1.28,1.16,-0.23,-0.54,-1.13
02,1899,-0.82,-1.64,1.39,0.74,1.0,1.17,1.24,1.46,1.0,2.85,2.84,-0.07
02,1900,-0.43,-1.04,-1.12,0.23,0.33,0.4,0.32,0.27,0.21,1.35,1.37,0.55
02,1901,0.74,1.14,-0.79,-0.16,-0.32,-0.56,-0.75,0.04,1.14,1.23,0.02,-0.5
02,1902,-1.46,1.69,1.57,1.78,1.81,1.55,1.44,1.35,0.85,1.36,1.6,1.2
02,1903,1.46,0.75,1.53,-0.48,-0.82,-1.05,-1.26,-1.25,-1.4,-1.72,1.53,-0.78
02,1904,-1.55,2.04,3.92,3.85,2.94,2.12,1.58,1.3,2.57,3.17,-0.47,-0.54
02,1905,-0.61,-0.86,0.6,0.12,0.76,0.82,1.15,1.16,-0.19,-0.82,-1.12,-1.55
02,1906,1.39,1.44,3.24,2.69,4.08,4.56,5.36,4.97,4.46,3.26,2.56,3.58
02,1907,3.72,3.36,5.8,4.89,4.46,4.96,5.16,4.99,-0.09,-0.36,-1.16,-0.45
02,1908,-0.65,-0.69,-1.39,-1.89,0.85,0.93,1.46,-0.13,-0.29,-0.22,-0.56,-0.91
02,1909,3.19,3.76,-0.24,-1.03,-1.4,-1.75,-2.0,-1.98,0.22,0.31,0.66,0.74
02,1910,-0.08,-0.35,-0.66,-1.33,-1.89,-2.43,-2.75,-2.84,-2.26,-2.46,-2.45,-2.59
02,1911,2.41,1.88,2.49,2.32,2.07,1.93,1.87,-0.16,-0.21,-0.62,-1.22,-1.61
02,1912,-1.85,-2.61,0.11,0.57,1.26,1.6,2.11,2.24,3.42,-0.16,-0.17,-0.88
02,1913,-0.65,-1.5,-1.78,-0.04,0.04,0.61,1.32,1.64,-0.37,-1.11,0.57,1.49
02,1914,3.19,3.07,-1.09,-0.91,-0.99,-0.4,-0.12,-0.13,-0.32,-0.19,-0.97,0.2
02,1915,0.66,1.98,1.33,0.87,2.78,2.44,2.56,2.37,-0.37,-1.06,-1.28,0.44
02,1916,2.46,-0.24,-0.64,-1.28,-1.17,-1.22,-1.04,-0.82,-0.87,-0.76,-1.01,-0.7
02,1917,-1.28,-0.63,-1.06,-0.85,-0.63,-0.67,-0.72,-0.86,-0.92,-1.72,-2.03,-2.43
02,1918,-3.33,-2.56,-1.73,-1.95,-2.11,-2.4,-2.81,-2.78,1.6,-0.14,-0.3,-0.9
02,1919,-1.39,1.22,-0.09,-0.52,-1.15,-1.71,-2.1,-2.24,-1.61,-1.81,-2.35,-1.98
02,1920,-3.08,-3.45,0.47,0.89,0.24,0.14,0.02,0.31,0.22,0.65,1.71,1.97
02,1921,2.48,-0.58,-0.88,-1.36,-0.83,-0.65,-0.65,-0.76,-1.02,-1.3,-1.59,-0.87
02,1922,-1.55,0.99,-0.03,-0.49,-0.25,-0.14,-0.2,-0.22,-0.62,0.32,0.38,1.19
02,1923,-0.45,-1.24,-2.33,0.75,0.45,1.14,1.64,1.84,2.74,-0.17,-1.0,-1.41
02,1924,-2.02,-2.22,-2.63,-3.02,-3.58,-4.17,-4.52,-4.27,-4.16,1.21,-0.44,-0.43
02,1925,-1.29,0.99,0.45,0.66,1.19,1.6,2.03,2.14,2.72,-0.31,-0.56,-1.13
02,1926,-1.18,-0.52,-1.8,-0.68,-0.67,-0.97,-1.5,-1.58,-1.77,0.0,1.44,-0.83
02,1927,-0.95,1.07,0.61,0.9,0.85,0.97,0.02,-0.15,-0.35,-0.32,0.62,-0.52
02,1928,-1.18,-1.53,1.07,-0.05,-0.67,-1.12,-1.53,-1.71,-1.88,-2.24,-1.85,-1.88
02,1929,-2.6,-2.73,-3.04,-2.6,-2.95,-1.96,-1.59,-1.53,-1.77,-2.29,-3.04,1.08
02,1930,1.09,0.75,0.41,0.35,0.56,0.4,0.23,0.01,0.56,-0.53,-0.84,-1.62
02,1931,-1.74,-2.16,-2.58,-2.92,-2.74,-2.32,-2.25,-2.45,-2.42,-2.0,-1.97,-0.56
02,1932,-1.01,-1.54,-2.23,-1.87,-1.17,-0.99,-0.83,-0.82,-1.22,-1.8,-2.29,-2.19
02,1933,-1.9,-2.5,-2.29,-2.6,-1.76,-1.63,-1.34,-1.49,-1.56,-1.24,-2.09,-0.99
02,1934,-1.76,-1.7,-2.52,-2.83,-2.65,0.16,-0.09,-0.22,-0.3,0.06,0.48,-0.57
02,1935,-0.22,-0.56,0.22,1.85,-0.32,-0.74,-1.12,-1.27,-1.51,-1.32,-1.73,-1.72
02,1936,0.66,1.74,-0.73,-0.79,-0.85,0.59,0.84,-0.08,-0.18,-0.91,-1.77,-1.7
02,1937,-1.76,0.87,1.46,0.0,-0.57,-0.17,-0.09,-0.32,-0.73,0.18,1.13,1.33
02,1938,0.94,2.39,3.68,0.04,-0.37,-0.67,-0.96,-1.19,-1.09,-0.71,-1.13,-1.78
02,1939,-2.22,-2.63,-2.67,-3.3,-2.88,-3.04,-3.07,-3.07,-2.66,-2.45,-3.08,-0.03
02,1940,1.13,2.54,2.95,-0.37,-0.42,-0.74,-1.24,-1.43,0.23,0.48,0.15,1.6
02,1941,2.17,2.84,2.5,3.07,3.41,3.46,3.88,3.74,3.2,2.77,2.26,3.43
02,1942,3.35,3.46,2.5,3.58,4.37,3.99,3.94,3.49,2.8,1.91,2.14,1.86
02,1943,2.72,-0.49,0.25,0.39,-0.39,0.39,0.65,-0.07,-0.52,-0.69,-1.22,-1.6
02,1944,-1.79,-1.29,-1.72,0.26,0.15,0.65,1.08,1.08,-0.32,-0.32,0.65,-0.44
02,1945,-1.33,-0.87,-0.68,-1.21,0.77,1.18,1.56,1.3,0.78,1.71,1.71,2.44
02,1946,-0.85,-1.22,-1.44,-2.04,-2.21,-2.54,-2.46,-2.46,-2.46,-2.52,-1.92,-2.19
02,1947,-3.05,-3.08,-2.54,-2.79,-2.96,0.37,0.31,0.42,0.04,1.43,-0.76,-1.63
02,1948,-1.96,-2.41,0.44,2.51,3.05,3.47,3.97,4.01,3.74,-0.37,-0.71,-0.52
02,1949,-1.4,-1.48,-0.31,-1.13,-0.83,-1.17,-1.5,-1.44,-1.66,-2.14,-2.38,-2.7
02,1950,0.7,0.53,0.5,0.3,0.25,0.33,0.31,0.08,0.09,1.48,1.84,1.81
02,1951,1.74,-0.19,-0.88,-1.09,-0.61,-0.65,-0.79,-0.75,-1.1,0.58,0.83,1.61
02,1952,2.55,2.3,2.49,1.8,1.42,1.76,2.16,-0.06,-0.17,-0.96,-1.15,1.4
02,1953,1.62,-1.03,-1.09,0.47,1.34,1.86,2.69,2.9,-0.38,-0.59,-0.42,-1.28
02,1954,-0.78,-0.8,-0.32,-0.1,-0.74,-0.5,-0.52,-0.17,-0.39,-0.94,-0.66,-0.44
02,1955,-0.91,-1.49,-2.21,-1.27,-1.53,-1.68,-1.71,-1.68,-1.41,-1.81,0.08,2.67
02,1956,3.58,3.47,2.0,1.59,2.03,1.97,2.19,1.95,1.79,2.37,-1.03,-1.78
02,1957,-1.88,0.28,0.22,0.2,1.57,1.41,1.33,1.08,2.07,2.81,2.02,1.72
02,1958,1.71,3.08,3.74,4.16,3.69,4.17,4.56,4.5,-0.1,-0.75,-1.36,-1.82
02,1959,-1.25,-0.72,-1.6,-2.13,-2.12,-2.45,-2.84,-2.81,-1.53,-2.19,-2.94,-3.15
02,1960,-2.77,-1.96,-1.63,-1.62,-1.13,-1.14,-1.34,-1.56,-1.79,-2.13,-1.27,-1.7
02,1961,-2.15,-2.22,-1.88,-2.01,-1.55,-1.22,-1.24,-1.05,-1.07,-1.38,-1.16,-1.35
02,1962,-2.02,1.23,1.18,-0.67,-0.66,-0.93,-1.18,-1.02,-1.14,2.69,-0.82,-1.28
02,1963,-1.48,-1.58,0.28,2.05,2.16,2.22,2.23,2.17,1.93,1.92,2.45,-1.17
02,1964,-1.13,-2.05,-2.38,-2.68,0.25,0.86,1.28,1.24,-0.16,-0.46,0.56,2.18
02,1965,2.23,-0.89,-1.57,0.97,0.46,0.41,0.38,1.15,-0.23,-0.99,0.0,-0.49
02,1966,-0.77,-1.08,-1.73,-2.03,-2.43,-2.83,-3.02,-2.9,-2.9,-3.41,1.16,0.96
02,1967,1.97,0.76,1.39,2.67,2.27,2.7,2.86,-0.06,-0.41,-0.69,-0.96,-1.03
02,1968,-0.53,-0.56,-0.89,-1.52,-1.52,-1.68,-1.95,0.58,0.12,0.2,0.29,0.84
02,1969,2.61,3.21,-0.7,-0.57,-1.15,-1.03,-1.11,-1.28,-1.62,-1.24,-1.69,1.23
02,1970,3.26,-0.57,-0.93,-1.24,-1.64,-1.27,-1.32,-1.48,-1.72,0.04,1.46,1.83
02,1971,-0.52,-1.46,0.49,0.2,0.8,1.31,2.08,2.01,2.08,-0.46,-0.61,-0.28
02,1972,-0.92,-1.16,-1.96,-1.65,-1.65,-1.61,-1.77,-1.81,0.67,1.04,1.44,0.9
02,1973,1.85,2.15,-0.16,-0.82,-1.3,-2.02,-2.53,-2.56,0.24,0.7,2.49,2.29
02,1974,2.41,1.68,2.84,2.63,-0.54,-0.92,-0.96,-0.87,-1.29,-1.3,-1.71,-1.61
02,1975,-2.33,0.98,2.01,2.14,-0.49,-0.7,-0.75,0.51,0.12,1.07,-0.66,-1.5
02,1976,-2.61,-2.66,-3.13,-2.9,-3.29,-3.41,-3.39,-2.33,-1.77,-2.27,-2.8,-3.38
02,1977,-3.88,-4.12,-4.21,-4.71,0.59,-0.37,-0.68,-0.66,0.85,-0.6,-0.7,0.48
02,1978,1.91,1.86,2.16,3.03,-0.27,-0.44,-0.56,-0.52,0.77,-0.88,-1.11,-1.72
02,1979,0.08,0.67,-0.17,-0.13,-0.12,-0.36,-0.54,-0.16,-0.43,0.91,0.73,0.57
02,1980,0.99,1.81,1.23,0.97,1.0,1.23,1.65,1.6,-0.11,-0.51,-1.19,-1.08
02,1981,-0.81,-1.27,-0.98,-1.27,-1.04,-1.19,-1.55,-1.74,0.23,1.27,2.75,2.86
02,1982,2.51,2.09,2.83,3.57,2.64,2.52,2.37,2.24,2.88,3.69,3.88,3.5
02,1983,3.57,4.23,6.19,6.43,5.58,5.02,4.51,4.57,4.58,3.95,5.26,5.86
02,1984,-1.29,-1.48,-1.87,-1.82,-2.07,-1.85,-1.77,0.27,0.01,0.37,1.64,-0.9
02,1985,-1.95,-2.29,-1.99,-2.64,-3.02,-3.56,-3.95,-3.84,1.13,0.81,1.08,0.43
02,1986,0.42,2.52,2.7,2.1,1.93,1.54,1.08,0.73,2.18,-0.49,-1.27,-1.73
02,1987,-1.96,-1.95,-1.38,-2.07,-2.46,-3.04,-3.11,-3.1,-3.25,-3.51,-3.44,-2.42
02,1988,-2.17,-3.03,-3.81,-3.36,-2.68,-2.02,-1.4,-1.5,-1.77,-2.46,-1.34,-1.79
02,1989,-2.43,-2.81,1.74,1.12,0.84,0.72,0.44,0.6,1.89,2.53,-0.63,-1.75
02,1990,-1.71,-1.89,-2.4,-2.79,1.47,1.38,1.68,1.84,-0.12,-0.62,-1.23,-1.74
02,1991,-2.82,-3.02,2.33,1.83,1.98,2.1,2.53,2.42,-0.41,-0.6,-1.1,-1.32
02,1992,-2.09,-1.36,-1.49,-1.71,-2.34,-2.07,-2.13,-2.08,-2.32,-1.62,-2.24,1.04
02,1993,2.24,2.57,2.14,2.01,2.44,3.09,3.64,3.95,-0.27,-0.31,-0.7,-0.81
02,1994,-1.55,-1.27,-2.18,-2.23,-1.66,-1.51,-1.43,-1.58,-1.68,-2.0,0.57,0.28
02,1995,3.18,1.94,4.68,5.05,5.4,5.91,6.51,6.29,5.29,3.94,2.59,3.38
02,1996,3.51,3.95,3.25,3.37,4.59,4.24,4.19,3.59,3.15,2.8,2.53,4.2
02,1997,5.17,3.65,2.41,1.84,1.16,1.18,1.03,1.27,1.25,1.19,1.61,0.82
02,1998,2.03,3.92,3.66,3.64,5.68,5.95,6.52,6.07,5.7,4.88,5.3,-0.79
02,1999,-0.99,-0.05,-0.25,-0.35,-0.7,-0.74,-0.81,-0.51,-0.9,-1.09,-1.05,-1.9
02,2000,0.56,1.69,-0.49,-0.48,-0.24,-0.13,-0.26,-0.35,0.22,0.78,-0.63,-1.41
02,2001,-1.72,-1.39,-1.83,-1.59,-2.29,-2.66,-2.97,-3.05,-2.76,-2.89,-1.99,-1.17
02,2002,-1.51,-2.01,-2.1,-2.27,-2.15,-2.29,-2.56,-2.7,-2.91,-3.39,-0.03,1.74
02,2003,1.02,0.26,0.1,1.56,1.59,-0.15,-0.56,-0.2,-0.62,-1.42,-0.01,1.02
02,2004,-0.51,0.85,-1.06,-1.58,-1.7,-2.12,-2.51,-2.57,-2.63,1.08,0.47,0.67
02,2005,0.5,0.03,0.2,0.23,2.02,2.59,3.49,2.99,2.47,1.82,1.69,3.52
02,2006,3.16,2.7,3.78,5.08,-0.27,-0.64,-1.21,-1.5,-1.84,-2.26,-2.14,-1.98
02,2007,-2.98,-2.17,-3.08,-2.97,-3.07,-3.15,-3.15,-3.13,-2.75,-2.2,-2.78,-2.48
02,2008,-1.38,-1.47,-2.35,-2.76,-2.89,-3.32,-3.66,-3.71,-3.85,-3.69,-3.54,-3.47
02,2009,-4.13,0.54,-0.03,-0.51,0.33,0.73,0.85,-0.09,-0.51,0.0,-0.63,-0.75
02,2010,0.64,0.42,0.1,1.12,1.55,1.53,1.75,1.63,1.24,2.03,1.74,2.28
02,2011,1.01,0.95,2.52,2.13,2.82,3.58,4.33,4.2,-0.3,-0.18,-0.61,-1.56
02,2012,-1.69,-2.21,1.16,1.48,-0.48,-0.59,-0.75,-0.9,-1.33,-1.39,0.73,1.53
02,2013,-1.06,-1.94,-2.52,-2.79,-2.75,-2.49,-2.51,-2.47,-1.79,-2.22,-2.67,-3.26
02,2014,-4.31,-3.24,-2.56,-2.72,-2.97,-3.37,-3.75,-3.47,-2.88,-2.79,-2.72,-1.23
02,2015,-2.53,-2.49,-3.49,-3.52,-3.34,-3.49,-3.59,-3.56,-3.46,-3.7,-3.57,0.43
02,2016,1.32,0.31,1.54,-0.35,-0.3,-0.27,-0.55,-0.8,-1.19,1.85,1.26,1.17
02,2017,2.99,4.33,3.75,4.35,-0.53,-0.81,-1.28,-1.52,-1.57,-1.98,-1.2,-2.35
02,2018,-2.42,-3.16,-1.91,-1.17,-1.12,-1.3,-1.66,-1.95,-2.24,-2.47,-2.16,-2.3
02,2019,0.49,2.33,2.73,2.28,3.47,3.11,2.83,2.57,2.8,-0.67,-1.34,-0.72
02,2020,-1.24,-2.3,-2.26,-2.42,-1.71,-1.54,-1.59,-1.67,-2.07,-2.82,-2.98,-3.15
02,2021,-3.3,-3.57,-3.7,-4.11,-4.55,-5.28,-5.88,-5.88,-5.4,-2.74,-3.34,-2.54
02,2022,-3.55,-4.31,-4.92,-4.22,-4.23,-3.78,-3.67,-3.61,-2.93,-3.51,-3.37,1.02
02,2023,2.06,1.57,3.26,-0.51,0.16,0.26,0.17,0.28,0.51,-0.55,-1.0,-0.98
02,2024,0.01,0.73,1.1,-0.29,-0.35,-0.75,-1.49,-1.48,-1.76,-2.21,0.97,0.96
02,2025,-1.12,0.9,0.95,-0.51,-0.98,-1.71,-2.17,-2.15,-2.04,-1.6,-1.45,99.99
03,1895,2.06,1.86,1.34,1.04,1.32,0.85,0.69,0.59,1.49,-0.59,-0.68,-0.66
03,1896,1.94,0.91,1.7,3.45,4.16,3.46,3.45,3.74,3.83,3.26,3.87,3.42
03,1897,2.85,3.95,4.6,-0.55,-0.96,-0.92,-1.07,-1.14,-1.22,-0.34,-0.2,-0.11
03,1898,-0.7,-0.7,-0.99,-1.48,0.3,0.6,0.59,-0.08,-0.07,-0.14,-0.2,-0.95
03,1899,-0.75,-1.38,1.1,0.61,1.02,0.87,1.1,1.66,1.15,2.97,3.18,3.31
03,1900,2.61,1.84,1.56,1.88,1.61,1.32,1.03,0.71,0.78,1.82,2.39,1.93
03,1901,2.97,3.54,2.72,3.23,2.73,2.14,1.6,1.81,2.23,2.43,-0.1,-0.4
03,1902,-1.25,0.96,1.38,1.48,-0.04,-0.38,-0.37,-0.38,-0.68,0.11,0.46,0.21
03,1903,0.97,0.45,0.96,-0.26,-0.52,-0.56,-0.79,-0.93,-1.05,-1.37,0.95,-0.69
03,1904,-1.23,2.23,3.76,3.46,2.75,1.99,1.52,1.63,2.6,2.92,-0.6,-0.75
03,1905,-1.22,-1.22,-0.59,-0.93,-0.37,-0.43,-0.41,-0.32,-0.39,-0.87,-0.99,-1.63
03,1906,1.5,1.47,2.87,2.72,3.77,3.82,4.06,4.2,3.65,2.69,2.31,3.39
03,1907,3.83,3.47,7.05,6.0,5.47,6.11,6.12,6.01,5.47,5.02,-0.73,-0.35
03,1908,-0.78,-0.84,-1.25,-1.87,0.85,0.81,1.05,0.79,0.94,1.36,-0.43,-1.02
03,1909,3.57,4.01,0.03,-0.65,-0.92,-1.11,-1.45,-1.52,-1.49,0.42,1.26,2.08
03,1910,2.47,-0.24,-0.87,-1.54,-2.23,-2.87,-3.18,-3.44,-2.7,-2.73,-2.64,-2.53
03,1911,3.2,2.93,3.78,3.72,-0.06,-0.12,0.12,-0.25,-0.32,-0.67,-1.1,-1.64
03,1912,-2.18,-3.15,-3.02,0.62,0.92,1.11,1.48,1.53,1.85,1.75,-0.25,-0.83
03,1913,-0.68,-1.23,-1.32,-1.41,0.18,1.2,2.73,3.93,3.42,2.48,2.34,3.17
03,1914,5.84,5.65,-1.15,-0.81,-1.05,-0.98,-1.08,-1.3,-1.52,-1.28,-2.04,-2.38
03,1915,-2.5,0.78,0.1,0.07,1.32,-0.27,0.3,0.31,-0.26,-0.92,-1.26,-1.34
03,1916,2.65,-0.12,-0.35,-0.93,-0.82,-1.19,-1.34,-1.28,-1.3,-0.62,-0.91,-0.91
03,1917,-1.52,0.73,0.47,0.48,0.83,-0.28,-0.11,-0.23,-0.61,-1.39,-1.8,-2.63
03,1918,-3.61,-2.98,-1.42,-1.82,-1.9,-2.29,-2.74,-2.87,-1.19,-0.82,-1.12,-1.81
03,1919,-2.63,-1.44,-1.29,-1.49,-1.98,-2.55,-3.07,-3.39,-2.84,-2.76,-3.2,-3.05
03,1920,-3.92,-4.4,0.4,0.7,-0.6,-0.46,-0.58,0.81,0.75,1.33,1.72,1.82
03,1921,2.41,-0.47,-0.88,-1.36,0.64,0.75,0.0,-0.28,-0.56,-1.06,-1.68,-1.14
03,1922,-1.5,1.48,-0.01,-0.27,-0.33,-0.28,-0.33,-0.39,-0.87,-0.97,-0.89,0.71
03,1923,0.74,-0.66,-1.49,0.45,0.45,1.15,1.61,1.77,2.38,2.38,-0.84,-1.47
03,1924,-2.36,-3.39,-3.7,-3.88,-4.67,-5.43,-6.07,-6.08,-5.81,1.04,-0.12,-0.29
03,1925,-1.01,0.7,0.27,0.46,0.38,0.52,0.85,1.4,1.88,1.97,-0.34,-1.01
03,1926,-1.3,-0.97,-2.0,-1.42,-1.47,-1.81,-2.22,-2.53,-2.7,-2.81,1.6,1.11
03,1927,0.77,1.63,1.31,1.51,-0.1,-0.05,-0.22,-0.49,-0.59,0.3,0.6,-0.47
03,1928,-1.09,-1.65,1.06,1.11,-0.6,-1.03,-1.57,-1.92,-2.15,-2.44,-2.63,-2.72
03,1929,-3.26,-3.45,-3.28,-2.51,-2.87,-1.73,-1.49,-1.63,-1.87,-2.39,-3.19,0.42
03,1930,0.67,0.6,0.25,0.39,1.01,0.61,0.45,0.28,1.03,-0.32,-0.51,-1.49
03,1931,-2.15,-2.86,-3.3,-3.09,-2.94,-2.7,-2.95,-3.03,-2.98,-2.54,-2.29,-0.88
03,1932,-0.74,-0.6,-1.24,-1.0,-1.02,-0.97,-1.19,-1.3,-1.53,-1.97,-2.7,-3.05
03,1933,-2.7,-3.31,-3.24,-3.27,-2.46,-2.37,-2.18,-2.33,-2.49,-2.02,-2.83,-2.26
03,1934,-2.75,-2.93,-3.67,-4.19,-4.05,0.57,-0.34,-0.58,-0.52,-0.3,-0.15,-0.52
03,1935,-0.16,-0.44,0.35,2.35,-0.27,-0.79,-1.08,-1.05,-1.52,-1.39,-1.55,-1.72
03,1936,0.65,2.56,-0.6,-1.08,-1.33,-0.72,-0.6,-0.61,-0.61,-0.9,-1.8,0.07
03,1937,0.01,1.24,-0.08,-0.11,-0.8,-0.93,-1.02,-1.4,-1.81,-1.84,0.5,1.71
03,1938,1.45,3.09,5.15,4.66,4.01,3.97,3.98,-0.07,-0.2,0.22,-0.44,-1.34
03,1939,-1.76,-2.27,-2.3,-2.85,-2.71,-2.96,-3.04,-3.12,-2.59,-2.17,-2.94,-3.36
03,1940,1.45,2.78,2.89,-0.19,-0.67,-1.28,-1.94,-2.34,0.2,0.24,-0.28,1.05
03,1941,1.15,1.54,0.89,1.36,1.39,1.7,1.97,2.28,1.89,1.97,1.39,2.54
03,1942,2.78,2.76,2.07,2.69,3.37,2.93,2.75,2.32,1.65,0.8,1.35,1.26
03,1943,3.0,2.41,2.76,2.29,1.73,2.18,2.35,-0.14,-0.59,-0.63,-1.26,-1.83
03,1944,-2.14,0.12,0.07,0.35,0.02,0.6,0.94,0.82,0.5,0.18,1.01,-0.31
03,1945,-1.06,0.94,1.15,0.64,1.19,1.54,1.92,1.87,1.44,2.6,2.58,3.05
03,1946,-0.6,-0.98,-0.62,-1.25,-1.64,-2.19,-2.02,-2.2,-2.18,-1.77,-0.64,-0.81
03,1947,-1.48,-1.83,-1.87,-2.08,-2.26,-2.13,-2.29,-2.22,-2.38,-1.63,-1.9,-2.61
03,1948,-3.17,-3.7,-3.46,1.34,1.77,2.37,2.69,2.52,-0.13,-0.27,-0.74,-0.71
03,1949,-1.31,-1.58,-1.15,-1.83,-0.8,-1.08,-1.24,-1.17,-1.42,-1.72,-2.06,-2.66
03,1950,-2.27,-2.44,0.24,-0.02,-0.21,-0.01,-0.03,-0.19,0.27,1.11,2.34,2.65
03,1951,0.05,-0.26,-0.89,-0.7,-0.53,-0.64,-0.9,-0.93,-1.3,0.57,0.61,1.57
03,1952,2.53,2.44,3.24,-0.19,-0.63,0.04,0.64,0.54,0.72,-0.8,-0.95,-0.51
03,1953,-0.33,-1.09,-1.32,0.36,1.55,1.85,2.38,2.47,-0.39,-0.57,-0.88,-1.6
03,1954,-1.61,-1.58,-0.89,-1.24,-1.94,-1.9,-2.27,-2.42,-2.53,-2.91,-2.87,-2.68
03,1955,-2.93,-3.18,-3.44,-2.7,-2.5,-2.39,-2.3,-2.35,-1.95,-2.35,-2.39,3.13
03,1956,3.93,3.45,2.22,2.15,2.37,2.04,2.12,1.8,1.68,2.51,-0.7,-1.42
03,1957,-1.48,0.17,-0.17,0.04,1.16,-0.25,-0.32,-0.57,0.14,0.71,0.66,0.65
03,1958,0.58,1.21,2.14,2.58,1.97,2.63,3.15,3.6,0.05,-0.56,-1.07,-1.79
03,1959,-2.08,-1.53,-2.29,-2.85,-2.4,-2.69,-3.14,-3.24,-2.27,-2.75,-3.5,-4.02
03,1960,-4.11,-3.38,-3.14,-3.16,-3.02,-3.26,-3.25,-3.42,-3.51,-3.66,-2.62,-2.8
03,1961,-3.39,-3.48,-3.3,-3.22,-2.61,-2.37,-2.33,-1.59,-1.56,-1.66,-1.78,-2.22
03,1962,-2.74,1.65,1.88,-0.72,-0.26,-0.51,-0.62,-0.63,-0.78,1.96,1.44,0.74
03,1963,1.22,1.05,1.07,2.46,2.85,3.39,3.67,3.71,4.26,3.69,3.94,2.85
03,1964,2.47,1.37,1.05,0.76,1.35,1.9,2.46,2.38,1.87,1.16,1.22,3.46
03,1965,3.71,2.61,1.82,2.03,1.64,1.87,2.27,3.31,3.08,2.1,3.07,2.98
03,1966,-0.69,-1.22,-1.84,-2.1,-2.37,-2.76,-3.0,-3.01,-2.91,-3.31,0.56,1.18
03,1967,2.48,1.34,2.56,3.77,3.42,3.65,3.93,3.92,3.83,-0.25,-0.46,-0.86
03,1968,-0.92,-1.1,-1.38,-1.75,-1.74,-1.87,-1.96,-1.31,-1.57,-1.7,0.2,0.55
03,1969,3.52,4.01,3.18,2.74,1.93,2.35,2.25,1.8,1.14,1.55,0.84,1.4
03,1970,3.17,-0.51,-0.76,-0.58,-1.0,-0.29,-0.18,-0.44,-0.76,-0.89,1.21,1.75
03,1971,-0.33,-0.95,0.92,0.87,2.67,2.92,3.62,3.7,3.69,3.09,2.64,3.03
03,1972,-0.51,-0.79,-1.74,-1.52,-1.55,-1.5,-1.76,-1.92,0.58,1.19,1.41,1.05
03,1973,1.57,1.67,1.57,-0.36,-0.46,-0.93,-1.28,-1.14,-1.19,0.16,1.24,1.37
03,1974,1.33,0.65,1.55,0.02,-0.57,-1.18,-1.01,-0.86,-1.32,-1.1,-1.56,-1.77
03,1975,-2.44,0.62,1.61,2.24,1.64,1.3,1.02,1.44,1.38,2.1,-0.43,-1.31
03,1976,-2.34,-2.81,-3.12,-3.07,-3.43,-3.57,-3.04,-1.91,-0.67,-0.88,-1.7,-2.64
03,1977,-3.37,-4.2,-4.72,-5.09,-3.96,-3.57,-3.72,-3.5,-3.2,-3.43,-3.31,0.73
03,1978,1.59,1.68,1.73,2.23,-0.15,-0.28,-0.37,0.08,0.49,-0.69,-0.9,-1.44
03,1979,-1.48,-1.01,-1.04,-0.98,-1.03,-1.32,-1.38,-1.2,-1.54,0.5,0.16,0.23
03,1980,1.59,2.42,2.21,1.92,2.13,2.2,2.84,2.89,2.91,-0.26,-0.88,-1.31
03,1981,-1.42,-1.82,-1.47,-1.71,-1.39,-1.68,-2.11,-2.44,-2.32,1.05,2.77,3.02
03,1982,3.03,2.66,3.21,3.98,3.11,3.24,3.1,3.13,4.26,5.21,5.67,5.54
03,1983,5.45,5.71,6.63,6.82,5.81,5.27,4.6,5.16,5.14,4.61,6.15,6.73
03,1984,-0.83,-0.84,-1.28,-1.15,-1.56,0.03,0.21,0.37,0.13,0.69,1.67,-0.51
03,1985,-1.19,-1.32,-0.66,-1.42,-1.98,-2.72,-3.16,-3.42,0.97,0.86,1.29,0.82
03,1986,0.29,3.26,3.22,-0.08,-0.21,-0.57,-0.74,-1.01,1.02,-0.51,-1.36,-2.22
03,1987,-2.73,-3.1,-3.21,-3.56,-2.87,-2.77,-2.51,-2.55,-2.82,-3.02,-3.22,-2.99
03,1988,-2.81,-3.4,-3.94,-3.49,-3.26,-2.93,-2.74,-2.7,-2.8,-3.41,0.92,-0.18
03,1989,-0.63,-0.78,0.78,0.08,0.35,0.66,0.43,0.91,1.92,2.09,-0.28,-1.3
03,1990,-1.68,-1.91,-2.42,-2.52,-1.91,-1.86,-1.41,-1.11,-1.04,-1.47,-1.92,-2.55
03,1991,-3.54,-4.62,1.55,1.29,1.68,1.6,2.08,2.12,-0.09,0.17,-0.42,-1.04
03,1992,-2.07,-2.52,-3.14,-3.6,-4.29,-4.2,-4.26,-3.9,-3.94,-3.25,-3.7,0.85
03,1993,1.93,2.27,-0.24,-0.43,-0.47,0.46,0.54,0.59,-0.36,-0.16,-0.61,-1.07
03,1994,-2.09,-2.07,-2.53,-2.67,-1.71,-1.82,-1.86,-2.19,-2.11,-2.08,0.89,0.58
03,1995,2.5,1.44,4.1,4.86,5.37,5.62,6.07,5.78,4.85,3.64,2.21,2.65
03,1996,3.3,3.91,3.91,3.68,4.29,3.83,3.85,3.45,2.93,2.72,2.67,4.26
03,1997,5.82,-0.7,-1.58,-1.61,-2.05,-1.5,-1.13,-1.12,-1.03,-1.14,-1.26,-1.61
03,1998,0.34,1.74,1.92,1.77,2.92,3.79,4.73,4.71,5.39,4.65,4.77,3.8
03,1999,3.6,4.0,-0.5,-0.21,-0.62,-0.71,-0.95,-0.69,-0.97,-1.12,-1.72,-2.55
03,2000,-1.9,-1.2,-1.65,-1.78,-1.61,-1.75,-2.09,-2.02,-1.96,-1.47,-1.76,-2.54
03,2001,-3.11,-3.41,-3.78,-3.02,-3.61,-4.1,-4.29,-4.45,-4.3,-4.46,-3.81,-3.0
03,2002,-3.15,-3.42,-3.2,-2.93,-3.08,-3.35,-3.66,-3.87,-3.95,-4.16,-3.44,-2.38
03,2003,-2.87,-3.06,-2.94,-1.48,-1.41,-1.72,-1.87,-1.37,-1.57,-2.23,-2.24,-1.48
03,2004,-1.75,-1.03,-2.02,-2.48,-2.51,-2.92,-3.34,-3.31,-3.41,1.17,1.16,1.13
03,2005,1.39,0.95,1.07,1.07,1.89,2.16,2.55,2.16,1.8,1.28,0.85,2.49
03,2006,2.71,2.58,3.12,4.0,-0.32,-0.84,-1.44,-1.85,-2.2,-2.29,-2.39,-2.77
03,2007,-3.58,-3.3,-3.96,-3.68,-3.97,-4.21,-4.56,-4.51,-4.11,-3.65,-4.18,-4.25
03,2008,-3.26,-2.91,-3.31,-3.5,-3.1,-3.33,-3.6,-3.82,-4.02,-3.93,-3.85,-3.84
03,2009,-4.24,-4.25,0.3,-0.29,-0.31,0.41,0.0,-0.11,-0.64,0.75,-0.48,-0.59
03,2010,-0.43,-0.56,-0.65,0.81,1.01,-0.16,-0.02,-0.1,-0.46,1.57,1.83,2.85
03,2011,1.84,1.89,3.14,3.1,3.28,3.91,4.41,4.16,-0.02,-0.06,-0.66,-1.69
03,2012,-2.12,-2.9,-2.77,-2.54,-2.85,-2.86,-2.99,-2.92,-3.2,-3.22,-2.67,-1.23
03,2013,-1.81,-2.47,-3.12,-3.29,-3.06,-3.06,-3.05,-2.79,-2.49,-2.56,-3.12,-3.77
03,2014,-4.63,-4.66,-4.58,-4.48,-4.24,-4.46,-4.44,-3.74,-3.4,-3.51,-3.64,-3.17
03,2015,-4.15,-4.3,-5.18,-5.0,0.69,0.47,0.98,0.79,0.41,0.21,0.33,0.65
03,2016,1.3,0.42,0.65,0.72,1.01,-0.22,-0.53,-0.94,-1.3,1.74,1.24,1.43
03,2017,4.16,5.78,5.15,5.83,-0.35,-0.69,-1.23,-0.94,-0.7,-1.06,-0.51,-1.38
03,2018,-1.88,-2.59,1.08,1.47,1.77,-0.27,-0.3,-0.72,-1.2,-1.37,-1.39,-1.75
03,2019,0.28,2.1,2.21,1.84,2.38,2.02,1.96,1.56,1.88,-0.49,-1.22,-1.01
03,2020,-1.59,-2.6,-2.56,-2.51,-2.47,-2.52,-2.67,-2.75,-3.1,-3.67,-3.76,-3.87
03,2021,-3.73,-3.91,-3.9,-4.19,-4.34,-4.73,-4.98,-5.12,-4.84,-2.36,-2.72,-1.3
03,2022,-2.1,-2.75,-3.4,-2.72,-2.81,-2.48,-2.55,-2.14,-1.65,-2.21,-2.14,1.12
03,2023,2.43,2.38,4.08,3.13,3.15,3.53,3.36,3.52,3.63,-0.5,-0.92,-1.61
03,2024,-2.0,0.44,1.34,-0.35,-0.75,-1.48,-2.07,-2.33,-2.5,-2.63,-2.21,-2.23
03,2025,-2.84,-1.56,-1.25,-1.48,-1.8,-2.37,-2.64,-2.15,-2.09,-1.4,-1.46,99.99
04,1895,1.8,1.14,0.81,0.73,1.22,1.49,1.61,1.63,1.54,1.52,-0.19,-0.9
04,1896,1.29,-0.98,0.06,0.98,1.51,2.02,2.3,2.61,2.48,3.0,3.31,2.92
04,1897,2.47,2.69,3.06,-0.59,-0.85,-1.0,-1.14,-1.13,-1.18,-0.59,-1.12,-1.78
04,1898,-2.55,-2.97,-3.56,-4.09,-3.99,-4.64,-4.87,-4.72,-3.54,-3.5,-3.83,-4.27
04,1899,-3.77,-4.41,1.14,0.83,1.1,1.54,1.76,1.79,1.47,3.49,3.6,3.16
04,1900,2.45,1.3,0.67,0.72,1.44,1.72,1.72,1.59,1.29,1.79,3.78,2.78
04,1901,3.13,3.46,2.35,2.47,3.14,3.51,3.68,3.54,3.62,-0.11,-0.24,-1.29
04,1902,-2.18,0.96,1.08,1.18,1.44,1.84,2.05,2.02,1.63,1.8,1.86,-0.67
04,1903,-0.83,-1.23,1.36,-0.18,-0.28,-0.17,-0.18,-0.1,-0.29,-0.84,-0.86,-1.79
04,1904,-2.7,0.27,1.02,1.25,1.18,1.29,1.3,1.5,2.63,3.25,2.36,1.69
04,1905,1.22,1.32,1.83,1.41,2.97,3.42,4.0,3.95,3.47,2.56,2.28,1.22
04,1906,1.08,1.15,2.76,2.33,3.7,4.31,5.08,4.87,4.35,3.28,2.77,4.15
04,1907,5.55,4.47,6.37,5.1,4.34,4.04,3.79,3.53,3.14,4.31,-0.79,0.22
04,1908,0.55,0.6,-0.6,-0.99,0.22,0.38,0.75,0.78,0.91,-0.18,-0.48,-1.02
04,1909,2.72,3.18,3.37,2.36,1.82,1.57,1.46,1.39,1.5,1.31,1.09,2.44
04,1910,2.53,-0.64,-0.31,-0.88,-1.17,-1.32,-1.27,-1.17,-0.85,-1.05,-1.66,-2.46
04,1911,2.59,2.31,4.06,3.59,3.35,3.37,3.57,3.44,-0.07,-0.32,-1.0,-1.39
04,1912,-1.92,-2.86,0.47,1.51,2.32,2.91,3.11,3.1,3.04,-0.35,-0.93,-1.9
04,1913,-1.79,-2.4,-2.75,-3.08,-3.12,-3.26,-3.26,-3.02,-3.01,-3.34,0.99,1.25
04,1914,4.1,3.88,-0.82,-1.07,-1.14,-1.06,-0.97,-0.88,-0.96,-0.91,-1.63,0.92
04,1915,1.8,3.19,2.28,2.19,3.9,4.41,5.1,5.19,4.59,3.53,2.52,2.72
04,1916,5.79,4.95,4.08,3.12,2.62,2.3,2.17,2.06,2.75,3.31,2.47,3.02
04,1917,-0.47,0.56,-0.57,-0.93,-0.73,-0.46,-0.27,-0.3,-0.47,-1.08,-1.49,-2.5
04,1918,-3.54,0.53,1.39,0.68,0.41,0.33,0.11,0.02,1.12,0.69,1.19,-0.24
04,1919,-1.13,0.67,0.74,-0.65,-0.76,-0.91,-0.95,-0.91,-0.54,-0.86,-1.57,-1.29
04,1920,-2.3,-2.64,0.62,0.5,0.34,0.53,0.61,0.68,0.46,1.11,1.18,1.29
04,1921,1.79,-0.56,-0.91,-1.14,0.89,1.35,1.45,1.36,1.39,-0.37,-0.91,1.77
04,1922,1.84,2.43,2.23,1.6,1.83,1.82,1.7,1.51,1.1,1.21,1.81,2.54
04,1923,-0.14,-0.74,-1.64,0.85,0.71,1.01,1.44,1.62,1.96,-0.29,-1.07,-1.92
04,1924,-2.43,-3.26,-3.29,-3.58,-4.61,-5.28,-5.44,-5.25,-5.02,-3.93,-3.81,-3.7
04,1925,-4.34,-3.94,-3.8,0.35,2.05,2.84,3.39,3.33,3.08,-0.32,-0.78,-1.38
04,1926,-1.69,-1.06,-2.02,0.93,0.81,0.9,0.77,0.6,0.32,0.24,1.53,-0.59
04,1927,-0.92,0.96,0.53,0.54,0.47,0.77,0.93,0.92,0.73,1.29,0.0,-0.23
04,1928,-1.3,-1.58,-1.37,-1.49,-1.21,-1.17,-1.12,-1.03,-1.15,-1.56,-1.1,-0.89
04,1929,-1.62,-1.94,-2.16,-1.96,-1.85,-1.13,-0.8,-0.64,-0.69,-1.27,-2.09,-2.81
04,1930,-2.34,-2.43,-2.24,-2.33,0.4,0.63,0.74,0.78,0.83,-0.47,-0.59,-1.72
04,1931,-1.4,-1.87,-2.64,-3.08,-2.8,-2.84,-2.97,-2.96,-2.95,-3.03,0.24,2.45
04,1932,2.43,2.45,-0.89,-1.27,-1.26,-1.37,-1.4,-1.35,-1.47,-1.92,-2.59,-2.7
04,1933,-1.56,-2.18,-2.42,-2.75,-2.04,-1.54,-0.99,-0.79,-0.87,-0.78,-1.66,-1.12
04,1934,-1.89,-1.61,-2.71,-3.3,-3.47,-3.36,-3.37,-3.21,-2.99,0.3,0.72,0.66
04,1935,1.42,0.63,1.12,2.41,2.1,2.15,2.04,2.2,-0.16,-0.14,-0.54,-1.09
04,1936,-1.64,1.65,0.93,0.85,1.03,1.32,1.4,-0.01,-0.25,0.29,-0.93,0.76
04,1937,1.15,1.77,2.91,-0.37,-0.5,-0.5,-0.58,-0.66,-0.88,-1.18,-1.39,0.83
04,1938,0.78,2.5,3.67,3.48,3.14,3.08,2.98,2.7,2.56,2.48,-0.51,-1.17
04,1939,-1.43,-1.71,-1.67,-2.08,-1.94,-1.94,-1.87,-1.77,-1.24,-1.18,-1.85,-2.59
04,1940,1.37,2.63,-0.01,-0.39,-0.39,-0.51,-0.63,-0.67,-0.67,-0.78,-1.38,1.54
04,1941,2.24,3.63,4.5,5.56,5.32,5.06,4.81,4.39,3.75,3.67,2.76,3.98
04,1942,3.73,3.1,2.63,3.44,3.75,3.97,4.08,3.83,3.33,3.02,2.75,2.0
04,1943,2.66,2.04,2.43,-0.12,-0.26,-0.27,-0.16,-0.11,-0.31,-0.4,-1.12,-1.3
04,1944,-1.62,1.22,-0.69,0.1,0.52,0.89,1.25,1.43,1.16,1.14,1.92,-0.36
04,1945,-1.35,0.5,0.91,-0.55,-0.49,-0.42,-0.39,-0.38,-0.55,0.73,0.52,1.3
04,1946,-0.87,-1.05,-0.88,-1.42,-1.13,-1.06,-0.89,-0.8,-0.91,-1.1,1.02,-0.23
04,1947,-1.14,-1.62,-1.82,-2.22,-2.11,-2.01,-2.0,-1.86,-1.92,-1.05,-1.49,-2.18
04,1948,-3.49,-3.88,0.18,1.17,1.55,1.85,2.0,2.02,-0.13,-0.32,-1.07,-0.65
04,1949,-1.22,-1.29,0.97,-0.71,-0.67,-0.77,-0.81,-0.7,-0.82,-1.21,-1.52,-1.78
04,1950,0.38,-0.19,-0.5,-0.49,0.12,0.3,0.57,0.6,0.41,1.21,1.87,1.82
04,1951,-0.24,-0.6,-1.19,-1.24,0.21,0.25,0.31,0.37,0.15,0.22,0.5,1.81
04,1952,3.31,2.4,3.21,2.88,2.56,2.45,2.5,2.32,1.93,1.09,1.2,2.44
04,1953,-0.47,-1.4,-1.74,0.33,0.54,1.01,1.5,1.62,-0.16,-0.59,-0.41,-1.47
04,1954,-1.44,-1.62,-0.77,-0.95,-0.92,-0.78,-0.67,-0.62,-0.77,-1.27,-1.24,-1.17
04,1955,-0.55,-0.8,-1.64,0.49,1.2,1.65,1.98,2.2,1.87,1.09,0.86,3.86
04,1956,4.24,-0.44,-1.4,0.2,0.81,1.01,1.1,1.09,1.03,1.31,-0.95,-2.01
04,1957,-1.76,-1.72,-2.13,0.21,1.75,2.65,2.94,2.81,2.63,3.19,2.28,2.16
04,1958,1.97,3.06,4.64,6.19,5.95,5.8,5.46,5.07,5.09,-0.71,-1.44,-2.52
04,1959,-2.43,-1.55,-2.5,-2.96,-3.32,-3.59,-3.72,-3.62,-2.47,-2.96,-3.63,-4.35
04,1960,-4.06,-3.32,-3.72,-3.35,-2.92,-2.58,-2.49,-2.39,-2.39,-2.56,-1.48,-2.03
04,1961,-2.4,-3.02,-3.1,-3.22,-2.87,-2.7,-2.68,-2.58,-2.5,-2.84,-2.13,-2.31
04,1962,-2.66,1.8,-0.07,-0.77,-0.99,-1.09,-1.1,-0.97,-1.07,1.16,-0.83,-1.15
04,1963,0.1,0.23,0.63,1.94,2.09,2.35,2.53,2.54,2.43,2.69,3.21,-1.06
04,1964,-1.23,-2.12,-2.29,-2.52,0.0,0.04,0.03,0.13,-0.14,0.42,0.89,1.56
04,1965,-0.18,-0.9,-1.02,0.85,0.71,0.88,1.23,1.55,-0.12,-0.77,2.0,2.28
04,1966,-0.5,-0.94,-1.82,-2.38,-2.79,-3.05,-3.03,-2.86,-2.51,-2.92,0.66,1.46
04,1967,2.28,1.17,1.85,3.86,3.57,3.74,3.87,3.58,3.32,-0.54,-0.73,-1.11
04,1968,-1.39,-2.03,-2.07,-2.23,-2.28,-2.37,-2.42,-2.24,-2.29,0.38,0.44,0.62
04,1969,3.61,5.1,-0.63,0.39,0.28,0.43,0.57,0.53,0.48,0.52,-0.58,-0.88
04,1970,-0.06,-0.54,-0.61,-1.03,-1.17,-1.21,-1.25,-1.26,-1.41,-1.57,1.66,2.51
04,1971,-0.73,-1.5,-1.81,-0.01,0.38,0.77,1.03,1.11,-0.08,-0.49,-0.72,0.68
04,1972,-0.83,-1.57,-2.66,-2.87,-3.4,-3.7,-3.85,-3.77,0.0,1.4,3.11,2.52
04,1973,3.6,4.57,4.39,3.28,2.54,1.81,1.2,0.86,0.61,1.28,2.17,2.2
04,1974,2.67,1.63,2.37,2.41,2.1,2.23,2.23,2.03,1.58,1.85,-0.61,-0.58
04,1975,-1.64,0.47,1.32,1.47,1.24,1.33,1.43,1.63,1.33,1.96,-0.71,-1.87
04,1976,-3.22,-3.51,-3.9,-3.69,-4.55,-5.32,-5.68,-5.22,-3.72,-3.52,-3.71,-4.07
04,1977,-4.56,-5.27,-5.39,-5.8,-5.19,-5.92,-6.2,-6.05,-5.3,-5.3,-5.3,0.71
04,1978,2.15,2.85,3.53,4.39,3.85,3.57,3.28,2.94,3.08,-0.69,-0.31,-1.04
04,1979,0.6,0.94,0.99,-0.44,-0.5,-0.68,-0.76,-0.8,-1.0,0.51,0.3,0.34
04,1980,0.86,1.93,1.53,1.35,1.42,1.56,1.86,1.79,-0.17,-0.77,-1.58,-2.25
04,1981,-1.89,-2.36,-1.41,-1.63,-1.62,-1.66,-1.88,-1.92,-1.97,0.73,1.56,1.01
04,1982,1.66,1.1,2.4,3.38,2.96,3.04,3.09,2.98,3.84,4.14,5.24,4.96
04,1983,5.95,6.23,7.78,8.22,7.56,7.08,6.53,6.15,6.25,5.59,6.32,6.43
04,1984,-1.14,-1.68,-2.29,-2.49,-2.77,-2.97,-3.08,-3.03,-3.05,-2.25,-0.77,-0.75
04,1985,-1.61,-2.03,-1.49,-2.03,-2.18,-2.24,-2.34,-2.36,-0.04,0.02,0.87,-0.54
04,1986,-0.97,1.41,2.26,-0.37,-0.42,-0.54,-0.63,-0.67,0.88,-0.6,-1.41,-2.15
04,1987,-2.51,-2.46,-2.15,-2.6,-2.77,-2.93,-2.95,-2.8,-2.78,-2.07,-1.98,-1.49
04,1988,-1.74,-2.22,-3.08,-2.62,-2.27,-1.96,-1.76,-1.72,-1.83,-2.25,-2.08,-1.63
04,1989,-2.37,-2.71,-2.63,-2.96,-2.95,-2.97,-2.95,-2.8,-1.39,-0.89,-1.35,-2.54
04,1990,-2.82,-2.97,-3.55,-4.07,-3.42,-3.81,-3.99,-3.91,-3.35,-3.65,-4.07,-4.42
04,1991,-5.31,-5.43,-2.18,-2.47,-2.34,-2.05,-1.72,-1.4,-1.44,-1.13,-1.81,-1.69
04,1992,-2.19,-0.96,-0.67,-1.4,-1.92,-2.27,-2.47,-2.51,-2.59,-2.07,-2.77,0.77
04,1993,2.92,3.63,-0.01,-0.56,-0.42,-0.3,-0.4,-0.44,-0.67,-1.07,-1.19,-1.65
04,1994,-2.23,-1.78,-2.49,-2.4,0.79,0.91,0.85,0.77,0.91,0.73,1.3,0.65
04,1995,3.46,2.3,4.87,4.36,4.7,5.12,5.3,4.94,4.21,3.08,1.74,1.69
04,1996,1.82,2.6,2.08,1.65,2.42,2.43,2.24,1.85,1.38,2.15,2.33,3.69
04,1997,5.1,-0.96,-2.05,-2.69,-3.57,-4.1,-4.37,-4.15,-4.06,-4.05,1.37,1.55
04,1998,2.47,5.35,4.96,4.97,6.51,6.83,7.45,7.21,-0.01,-0.2,0.28,-0.75
04,1999,-0.96,-0.9,0.16,0.41,0.34,0.69,0.92,1.01,0.98,-0.63,-0.84,-1.99
04,2000,0.38,1.67,1.09,0.98,1.13,1.26,1.07,1.0,0.84,2.1,-0.58,-1.77
04,2001,-1.43,-0.8,-0.83,-0.57,-0.65,-0.73,-0.92,-0.99,-1.08,-1.41,0.62,1.23
04,2002,-0.69,-1.34,-1.56,-1.91,-1.57,-1.48,-1.46,-1.45,-1.6,-2.04,0.42,2.03
04,2003,-1.04,-1.31,-1.73,0.7,1.53,2.0,2.13,0.04,-0.3,-0.93,-1.08,0.65
04,2004,-0.64,0.64,-1.09,-1.83,-2.51,-3.0,-3.26,-3.26,-3.21,2.35,2.08,3.05
04,2005,3.39,3.47,3.44,3.15,3.59,3.83,4.0,3.62,3.07,2.23,1.35,1.87
04,2006,1.92,1.23,2.47,3.58,3.99,4.11,3.74,-0.21,-0.48,-0.76,-1.15,-1.41
04,2007,-2.33,-2.26,-3.2,-3.4,-3.98,-4.43,-4.61,-4.45,-3.98,-3.41,-3.9,-3.98
04,2008,-1.94,-1.92,-2.77,-3.12,-3.43,-3.67,-3.79,-3.73,-3.71,-3.84,-3.78,-3.9
04,2009,-4.5,-3.61,-3.52,-3.69,-3.33,-3.22,-3.11,-2.96,-2.84,2.04,1.19,0.9
04,2010,1.7,1.66,1.09,2.03,2.19,2.5,2.54,2.41,1.97,2.0,1.93,3.01
04,2011,2.15,2.19,3.36,2.48,2.8,3.07,3.13,2.93,2.43,2.49,-0.04,-1.23
04,2012,-1.83,-2.67,-2.24,-1.56,-1.78,-1.83,-1.86,-1.81,-1.95,-2.03,-1.48,-0.55
04,2013,-1.33,-2.02,-2.76,-3.23,-3.72,-4.14,-4.39,-4.31,-4.02,-4.15,-4.45,-5.21
04,2014,-6.42,-5.97,-6.02,-5.8,-6.65,-7.18,-7.36,-7.09,-6.54,-6.32,-5.94,-3.8
04,2015,-4.72,-4.79,-5.58,-5.43,-5.31,-5.32,-5.26,-5.03,-4.87,-5.02,-4.31,-3.96
04,2016,-2.76,-3.37,-2.34,-2.43,-2.3,-2.35,-2.53,-2.54,-2.62,1.34,1.03,0.72
04,2017,3.13,4.04,-0.38,-0.16,-0.16,-0.01,-0.2,-0.45,-0.66,-1.22,-1.52,-2.73
04,2018,-2.89,-3.75,-2.43,-2.26,-2.14,-1.97,-1.95,-2.05,-2.18,-2.5,0.48,-0.51
04,2019,0.26,1.67,1.88,1.03,2.13,2.26,-0.01,-0.11,-0.35,-0.99,-1.14,0.85
04,2020,-0.84,-1.89,0.17,0.39,0.61,0.73,-0.07,-0.13,-0.5,-1.34,-1.92,-2.58
04,2021,-1.91,-2.66,-2.97,-3.52,-4.08,-4.56,-4.83,-4.78,-4.69,-2.55,-2.99,-1.2
04,2022,-2.31,-3.14,-3.68,-3.75,-4.17,-4.52,-4.71,-4.61,-3.79,-4.1,-3.74,1.81
04,2023,3.81,3.57,5.1,3.87,3.74,3.38,3.09,2.66,2.19,1.3,0.68,0.82
04,2024,0.9,1.72,1.93,1.96,2.12,2.29,-0.04,-0.33,-0.52,-1.3,-1.07,-1.43
04,2025,-2.65,-2.27,-2.0,-2.29,-2.35,-2.5,-2.58,-2.53,-2.25,-1.38,1.37,99.99
05,1895,1.84,1.69,1.32,1.17,1.33,1.51,1.52,1.46,1.51,1.42,1.18,0.6
05,1896,2.01,0.85,1.28,2.4,2.63,2.94,3.04,3.23,2.93,3.11,3.15,2.46
05,1897,2.14,3.02,3.53,-0.7,-1.05,-1.32,-1.43,-1.36,-1.43,0.81,-0.46,-0.74
05,1898,-1.49,-2.08,-2.5,-3.03,-2.44,-2.6,-2.65,-2.49,-1.77,-1.84,-2.15,-2.76
05,1899,-2.42,-3.25,1.04,0.54,0.74,1.25,1.33,1.28,0.8,2.31,2.38,-0.02
05,1900,-0.47,-1.3,-1.7,0.49,1.62,2.22,2.24,1.96,1.71,1.82,3.25,2.32
05,1901,3.5,3.83,2.68,2.89,3.68,3.99,4.12,3.8,4.12,3.82,-0.12,-1.01
05,1902,-2.05,0.25,0.39,0.46,0.57,0.92,0.88,0.79,0.36,0.44,0.72,-0.56
05,1903,-0.38,-0.77,1.02,-0.24,-0.48,-0.54,-0.73,-0.75,-0.96,-1.43,-1.38,-2.19
05,1904,-2.6,0.52,1.27,1.43,1.21,1.07,0.81,0.89,2.23,3.02,-0.72,-1.14
05,1905,-1.73,-1.84,0.81,0.35,1.74,2.21,2.53,0.04,-0.21,-0.77,-0.75,-1.47
05,1906,0.48,0.47,2.8,3.1,4.84,5.25,6.37,5.92,5.03,3.87,3.16,4.04
05,1907,4.84,4.17,5.99,5.01,4.37,4.24,4.09,3.83,-0.26,0.35,-0.91,-0.74
05,1908,-0.91,-0.57,-1.33,-1.77,0.42,0.47,0.76,0.54,0.98,-0.04,-0.39,-1.15
05,1909,2.22,2.89,2.71,-0.78,-1.19,-1.36,-1.46,-1.41,-1.52,0.19,0.75,1.77
05,1910,1.89,-0.59,-0.76,-1.3,-1.72,-2.13,-2.2,-2.22,-1.48,-1.29,-1.72,-2.38
05,1911,2.6,2.36,3.2,2.9,2.57,2.61,2.6,-0.12,-0.17,-0.56,-1.09,-1.63
05,1912,-2.31,-3.44,0.21,0.78,1.1,1.49,1.65,1.59,1.72,-0.2,-0.59,-1.47
05,1913,-1.66,-2.1,-2.49,-2.51,0.2,0.34,0.82,1.34,-0.34,-0.95,0.37,0.52
05,1914,3.08,-0.04,-1.04,-1.03,-1.0,-0.83,-0.71,-0.71,-0.75,-0.8,-1.62,0.02
05,1915,0.41,1.61,0.74,0.91,2.71,3.16,3.82,3.73,3.13,2.17,1.3,1.24
05,1916,3.63,3.1,2.76,1.96,1.63,1.35,1.23,1.47,1.63,2.68,2.08,2.34
05,1917,1.7,2.08,-0.49,-0.76,-0.4,-0.03,-0.03,-0.32,-0.65,-1.32,-1.87,-2.78
05,1918,-3.86,-3.05,-1.56,-2.05,-1.96,-1.91,-2.2,-2.06,-0.79,-0.94,-0.68,-0.98
05,1919,-1.89,-1.23,-0.95,-1.55,-1.6,-1.88,-2.07,-2.15,-1.22,-1.37,-1.96,-1.98
05,1920,-2.84,-3.01,1.07,1.12,0.71,0.85,0.89,1.33,0.95,1.86,1.71,1.62
05,1921,1.99,-0.38,-0.78,-1.25,0.93,1.32,1.28,-0.19,-0.24,-0.67,-1.34,1.12
05,1922,1.39,2.05,2.12,1.49,1.71,1.81,1.79,1.59,1.01,0.86,1.13,1.67
05,1923,1.63,-0.7,-1.64,1.25,1.07,1.19,1.55,1.55,2.29,-0.1,-0.85,-1.62
05,1924,-2.45,-3.45,-3.41,-3.66,-4.71,-5.59,-5.91,-5.7,-5.5,0.89,0.69,0.71
05,1925,-0.84,0.19,0.12,0.57,1.07,1.61,1.92,1.91,-0.11,0.12,-0.48,-1.16
05,1926,-1.76,-1.55,-2.49,-1.53,-1.52,-1.32,-1.59,-1.73,-1.89,-1.89,1.52,1.01
05,1927,0.67,1.49,1.12,1.11,0.99,1.22,1.26,1.04,0.77,1.71,1.62,-0.37
05,1928,-1.27,-1.77,-1.4,-1.5,-1.19,-1.2,-1.26,-1.33,-1.57,-1.93,-1.63,-1.62
05,1929,-2.12,-2.45,-2.36,-1.9,-1.98,-1.12,-0.67,-0.59,-0.7,-1.28,-2.13,-2.76
05,1930,-2.42,-2.51,-2.4,-2.43,0.68,1.09,1.05,0.89,0.95,-0.37,-0.36,-1.43
05,1931,-1.6,-2.04,-2.79,-2.99,-3.11,-3.12,-3.31,-3.13,-3.05,-3.11,0.35,1.95
05,1932,1.94,2.2,-0.9,-1.11,-0.66,-0.54,-0.58,-0.62,-0.71,-1.19,-1.96,-2.17
05,1933,-0.94,-1.54,-1.76,-2.17,0.69,1.12,1.45,-0.16,-0.45,-0.51,-1.42,-1.03
05,1934,-1.64,-1.66,-2.77,-3.58,-3.84,-3.91,-3.98,-3.8,-3.52,0.32,0.69,0.48
05,1935,0.95,0.54,0.94,2.43,-0.19,-0.11,-0.28,-0.12,-0.43,-0.17,-0.62,-1.08
05,1936,-1.36,2.26,-0.46,-0.63,-0.71,-0.46,-0.3,-0.32,-0.61,0.59,-0.95,0.81
05,1937,0.97,2.03,2.55,-0.2,-0.54,-0.67,-0.73,-0.92,-1.2,-1.54,-1.9,0.64
05,1938,0.56,2.07,4.01,4.01,3.65,3.63,3.41,2.96,2.62,2.78,-0.57,-1.13
05,1939,-1.45,-1.72,-1.56,-1.96,-1.75,-1.77,-1.81,-1.74,0.8,0.99,-0.91,-1.89
05,1940,1.39,2.34,0.01,-0.28,-0.62,-1.08,-1.55,-1.69,-1.8,-1.18,-1.78,1.26
05,1941,1.42,2.33,2.3,3.21,2.79,2.59,2.48,2.33,1.84,1.99,1.32,2.49
05,1942,2.34,1.91,1.32,2.06,2.61,2.98,3.12,2.77,2.2,1.5,1.63,1.26
05,1943,2.34,1.86,2.66,2.49,2.06,1.96,2.05,0.0,-0.28,-0.44,-1.06,-1.25
05,1944,-1.51,0.64,0.07,0.32,0.41,0.69,1.08,1.14,0.77,0.66,1.72,-0.26
05,1945,-1.13,0.9,1.53,0.85,0.95,1.11,1.13,0.99,0.66,1.77,1.68,2.18
05,1946,-0.68,-0.88,-0.54,-1.23,-1.02,-1.15,-1.04,-0.99,-1.1,0.42,1.45,1.49
05,1947,-0.7,-1.21,-1.49,-1.84,-1.88,-2.08,-2.18,-2.04,-2.08,-1.36,-1.7,-2.38
05,1948,-3.58,-3.99,0.25,1.34,1.79,2.29,2.53,2.42,-0.27,-0.54,-1.24,-1.18
05,1949,-1.52,-1.59,-0.8,-1.54,-1.13,-1.22,-1.36,-1.2,-1.4,-1.77,-1.93,-2.22
05,1950,-1.64,-1.74,-1.75,-1.7,-1.58,-0.04,0.11,-0.15,0.07,0.73,2.09,2.36
05,1951,2.2,-0.36,-0.98,-0.85,-0.7,-0.42,-0.31,-0.35,-0.67,0.16,0.2,1.5
05,1952,2.9,2.23,3.2,3.06,-0.29,-0.27,0.42,-0.01,-0.03,-0.74,0.02,0.78
05,1953,-0.2,-1.11,-1.46,0.25,0.79,1.59,2.63,2.47,-0.32,-0.56,-0.69,-1.44
05,1954,-1.43,-1.59,-0.74,-1.01,-1.22,-1.12,-1.06,-1.13,-1.32,-1.79,-1.68,-1.51
05,1955,-0.91,-1.08,-1.89,0.35,0.79,1.12,1.34,1.45,-0.23,-0.83,-0.82,2.89
05,1956,3.46,2.66,1.33,1.65,2.33,2.68,2.77,2.51,2.16,2.48,-0.93,-1.8
05,1957,-1.9,-2.11,-2.24,0.06,1.67,2.48,2.95,2.74,2.43,2.5,1.91,1.69
05,1958,1.58,2.23,3.66,4.68,4.46,4.38,4.32,4.13,4.23,-0.71,-1.34,-2.39
05,1959,-2.71,-2.14,-2.98,-3.3,-3.39,-3.64,-3.88,-3.8,-2.34,-2.79,-3.5,-4.08
05,1960,-4.14,-3.49,-3.61,-3.27,-3.13,-2.76,-2.92,-2.97,-2.95,-2.99,-1.88,-2.31
05,1961,-2.75,-3.34,-3.29,-3.41,-2.9,-2.57,-2.66,-2.26,-2.12,-2.38,-1.98,-2.27
05,1962,-2.55,2.04,-0.03,-0.81,-0.89,-1.03,-1.08,-1.09,-1.18,-0.67,-1.44,-2.18
05,1963,-0.04,0.1,0.35,1.71,2.0,2.47,2.79,3.07,3.17,3.34,3.77,-0.84
05,1964,-1.21,-2.13,-2.23,-2.24,0.44,0.83,1.15,1.26,1.05,1.15,1.63,2.82
05,1965,2.62,1.62,1.01,1.88,1.47,1.45,1.74,2.22,1.94,1.17,2.6,2.76
05,1966,-0.53,-0.9,-1.82,-2.35,-2.76,-3.2,-3.35,-3.16,-3.03,-3.37,0.39,1.82
05,1967,2.36,1.27,1.75,3.9,3.61,3.7,3.87,3.51,3.41,-0.53,-0.46,-0.72
05,1968,-1.15,-1.67,-1.89,-2.18,-2.06,-2.02,-2.03,-1.81,-1.98,0.43,0.61,0.99
05,1969,4.22,5.58,4.7,4.48,3.79,3.66,3.64,-0.02,-0.21,0.29,-0.45,-0.74
05,1970,0.85,-0.44,-0.6,-0.78,-1.1,-0.95,-0.96,-1.1,-1.35,-1.57,1.31,1.85
05,1971,-0.51,-1.17,-1.48,-1.56,0.98,1.57,2.07,1.99,1.71,1.24,1.04,1.72
05,1972,-0.72,-1.38,-2.5,-2.56,-2.87,-3.03,-3.2,-3.02,0.21,0.32,1.29,1.11
05,1973,2.01,2.6,2.87,-0.58,-0.87,-1.36,-1.75,-1.67,-1.8,0.49,1.19,1.32
05,1974,1.6,-0.74,0.61,0.8,-0.23,-0.17,-0.11,-0.11,-0.5,0.67,-0.5,-0.71
05,1975,-1.58,0.17,0.97,1.36,1.02,1.01,0.9,1.14,0.98,1.97,-0.48,-1.51
05,1976,-2.88,-3.15,-3.63,-3.39,-3.89,-4.54,-4.64,-4.03,-2.54,-2.57,-2.98,-3.74
05,1977,-4.36,-5.14,-5.52,-6.11,-5.22,-6.08,-6.46,-5.87,-5.53,-5.51,-5.28,0.81
05,1978,1.79,2.75,3.66,4.41,3.7,3.33,2.98,2.66,3.76,-0.72,-0.67,-1.03
05,1979,0.48,0.95,1.25,-0.5,-0.62,-0.97,-1.18,-1.19,-1.28,-0.85,-0.95,-1.24
05,1980,1.42,2.35,2.13,1.85,2.01,2.17,2.53,2.35,-0.23,-0.71,-1.46,-2.11
05,1981,-1.89,-2.41,-1.62,-1.73,-1.54,-1.55,-1.94,-2.01,-2.09,0.84,1.51,1.2
05,1982,1.78,1.4,2.78,3.67,3.07,3.16,3.22,3.25,4.46,5.25,6.16,6.08
05,1983,6.72,6.86,8.05,7.85,7.09,6.57,6.01,6.24,6.37,5.57,6.63,6.98
05,1984,-1.02,-1.3,-1.88,-1.99,-2.19,-2.28,-2.11,-1.85,-2.0,-1.31,-0.09,-0.24
05,1985,-0.93,-1.33,-0.95,-1.69,-2.12,-2.43,-2.69,-2.69,0.51,0.53,1.46,1.06
05,1986,0.66,2.43,2.83,-0.28,-0.45,-0.67,-0.85,-0.88,-0.08,-0.62,-1.37,-2.15
05,1987,-2.53,-2.61,-2.32,-2.88,-2.87,-3.07,-3.16,-2.97,-3.0,-2.56,-2.43,-2.26
05,1988,-2.2,-2.86,-3.55,-2.84,-2.44,-1.96,-1.59,-1.46,-1.58,-2.18,-1.77,-1.5
05,1989,-2.22,-2.4,-1.98,-2.53,-2.36,-2.39,-2.44,-0.04,1.2,1.41,-0.52,-1.7
05,1990,-2.0,-2.31,-2.95,-3.25,-2.67,-2.97,-3.06,-2.94,-2.71,-3.08,-3.43,-3.92
05,1991,-4.87,-5.53,-2.37,-2.65,-2.36,-2.02,-1.69,-1.56,-1.68,-1.12,-1.66,-2.01
05,1992,-2.64,-2.03,-1.9,-2.5,-2.98,-3.37,-3.28,-3.1,-3.15,-2.26,-2.91,0.75
05,1993,2.38,3.02,0.03,-0.52,-0.52,-0.15,-0.07,-0.05,-0.39,-0.65,-0.86,-1.38
05,1994,-2.17,-1.97,-2.68,-2.54,0.5,-0.01,-0.25,-0.5,0.24,0.38,1.0,0.58
05,1995,2.85,1.8,4.19,4.03,4.9,5.57,6.37,6.23,5.3,4.04,2.53,2.45
05,1996,2.47,3.05,2.64,2.3,2.77,2.98,2.84,2.33,1.74,2.25,2.78,4.13
05,1997,5.78,-0.86,-2.0,-2.64,-3.44,-3.9,-4.04,-3.88,-3.58,-3.48,0.35,0.14
05,1998,0.9,3.3,3.48,3.58,5.07,5.81,7.06,6.81,6.53,-0.21,-0.2,-0.84
05,1999,-0.46,-0.29,-0.7,0.25,0.13,0.38,0.57,0.64,-0.21,-0.82,-1.18,-2.27
05,2000,0.23,1.31,-0.46,-0.54,0.27,0.52,0.29,0.32,0.23,1.3,-0.59,-1.7
05,2001,-1.73,-1.47,-1.79,-1.12,-1.46,-1.89,-2.04,-2.09,-2.14,-2.29,-1.63,-0.87
05,2002,-1.26,-1.88,-1.92,-2.21,-1.93,-1.92,-2.09,-2.18,-2.29,-2.64,-1.75,-0.83
05,2003,-1.74,-1.81,-2.13,0.94,1.47,1.79,1.75,1.79,-0.34,-1.08,-1.18,0.47
05,2004,-0.56,-0.05,-1.1,-1.85,-2.43,-3.06,-3.42,-3.36,-3.32,2.12,1.88,2.13
05,2005,3.09,2.87,3.0,2.64,3.69,4.07,4.63,4.24,3.88,3.25,2.2,2.68
05,2006,2.91,2.19,3.08,4.25,3.98,3.67,-0.31,-0.65,-0.98,-1.09,-1.55,-1.82
05,2007,-2.72,-2.64,-3.44,-3.59,-4.1,-4.67,-4.93,-4.66,-4.18,-3.82,-4.32,-4.15
05,2008,-2.9,-2.57,-3.35,-3.82,-3.85,-4.18,-4.33,-4.27,-4.27,-4.2,-3.89,-3.75
05,2009,-4.03,-3.53,-3.56,-3.66,-3.18,-2.95,-2.8,-2.71,-2.8,0.96,0.12,0.13
05,2010,0.38,0.56,0.09,1.06,1.3,1.69,1.71,1.43,0.9,1.73,1.91,3.7
05,2011,2.86,2.64,3.68,2.87,3.18,3.77,4.19,4.04,-0.21,0.29,-0.38,-1.52
05,2012,-2.15,-3.09,-2.95,-2.35,-2.8,-3.06,-3.19,-3.05,-3.17,-3.14,-2.88,-1.88
05,2013,-2.41,-2.96,-3.52,-3.91,-4.05,-4.39,-4.56,-4.31,-4.0,-3.98,-4.26,-4.89
05,2014,-5.95,-6.04,-6.26,-6.18,-7.0,-7.92,-8.11,-7.57,-6.9,-6.85,-6.54,-5.64
05,2015,-6.37,-6.5,-7.29,-7.19,-6.92,-7.35,-7.08,-6.73,-6.38,-5.7,-4.89,-4.28
05,2016,-3.15,-3.62,-3.03,-2.75,-2.44,-2.13,-2.34,-2.43,-2.55,1.08,0.6,0.69
05,2017,3.31,4.32,-0.46,-0.04,-0.13,-0.05,-0.43,-0.54,-0.42,-0.94,-1.02,-2.16
05,2018,-2.78,-3.76,-2.37,-2.19,-2.13,-2.04,-2.14,-2.32,-2.5,-2.63,-2.07,-2.48
05,2019,0.08,1.4,1.73,0.94,2.47,2.87,2.83,-0.1,-0.3,-0.87,-1.12,-0.82
05,2020,-1.74,-2.84,-2.6,-2.04,-1.81,-1.7,-1.8,-1.89,-2.15,-2.77,-3.08,-3.55
05,2021,-3.44,-4.12,-4.36,-4.87,-5.63,-6.46,-6.84,-6.61,-6.36,-4.13,-4.45,-2.77
05,2022,-3.6,-4.24,-4.64,-4.5,-4.7,-4.89,-5.05,-4.66,-4.06,-4.4,-4.04,1.36
05,2023,3.59,3.73,5.6,-0.79,-0.84,-0.88,-0.89,-0.59,-0.65,-1.13,-1.61,-2.16
05,2024,-2.27,-1.34,-0.92,-0.87,-0.75,-0.67,-1.18,-1.52,-1.79,-2.38,-2.02,-2.37
05,2025,-3.38,-3.31,-2.59,-2.78,-2.91,-3.25,-3.51,-3.28,-2.81,-1.75,-0.65,99.99
06,1895,2.16,-0.23,-0.15,-0.37,0.28,0.38,0.39,0.42,0.18,0.35,-0.07,-0.82
06,1896,-0.85,-1.8,-1.32,-1.19,-1.16,-1.37,-1.48,-1.37,-1.4,1.16,1.07,0.69
06,1897,1.05,1.51,1.68,-0.62,-0.69,-0.74,-0.78,0.04,0.03,1.3,-0.59,-1.32
06,1898,-1.64,-2.3,-2.53,-3.12,-2.88,-3.7,-4.1,-4.05,-3.62,-3.68,-3.98,-4.25
06,1899,-3.95,-4.38,-4.04,-4.2,-4.31,-4.2,-4.19,-4.01,-3.89,-2.64,-2.36,-2.64
06,1900,-2.93,-3.68,-4.03,-3.9,-3.56,-4.31,-4.62,-4.56,-4.26,-3.98,1.76,0.85
06,1901,1.06,1.53,0.6,0.51,1.16,1.46,1.61,1.63,1.52,2.35,-0.46,-1.49
06,1902,-1.98,0.0,0.3,0.02,0.02,0.17,0.31,0.26,0.03,0.07,0.57,0.55
06,1903,-0.47,-0.7,1.16,2.13,2.14,2.45,2.54,2.53,2.51,-0.43,-1.17,-2.09
06,1904,-2.96,-2.85,0.6,0.6,0.53,0.54,0.45,0.67,0.75,-0.05,-0.86,-1.21
06,1905,0.13,1.57,2.54,2.11,3.04,3.41,3.78,3.72,3.4,2.7,2.97,1.97
06,1906,1.64,1.3,3.33,3.16,3.96,4.57,4.96,4.67,4.12,3.22,2.87,3.87
06,1907,5.62,4.65,5.23,4.3,3.87,3.72,3.58,3.22,2.73,4.44,3.42,2.47
06,1908,2.68,2.77,1.87,1.38,1.37,1.41,1.62,1.8,2.63,2.46,1.94,1.26
06,1909,2.76,3.32,3.57,2.7,2.39,2.34,2.31,2.68,2.39,1.96,2.08,3.64
06,1910,3.55,-0.77,-0.77,-1.16,-1.17,-1.16,-0.93,-0.93,-0.67,-0.46,-0.79,-1.62
06,1911,1.43,1.7,2.47,2.18,2.12,2.3,2.59,2.46,2.68,-0.19,-0.82,-1.21
06,1912,-2.09,-3.0,1.93,2.53,3.09,3.59,3.89,4.0,3.56,3.64,2.76,1.52
06,1913,1.04,1.9,1.15,0.78,0.86,1.19,1.61,1.97,1.69,1.1,1.52,1.24
06,1914,3.6,4.18,3.12,2.92,2.92,3.06,3.11,2.92,2.51,2.4,1.51,2.0
06,1915,3.01,4.02,3.06,3.39,4.28,4.89,5.13,5.12,4.59,3.67,3.0,2.83
06,1916,6.08,4.96,4.11,3.26,2.97,2.77,2.68,2.76,3.16,4.45,3.59,3.91
06,1917,3.94,3.59,2.58,2.37,2.63,3.07,3.21,-0.02,-0.26,-0.73,-1.16,-2.14
06,1918,-2.74,0.88,2.6,1.81,1.76,1.92,1.79,1.75,1.97,1.69,1.86,-0.09
06,1919,-0.92,-0.87,-0.63,-0.91,0.55,0.8,1.02,0.94,1.63,1.65,-0.22,-0.51
06,1920,-1.35,0.2,1.2,1.0,1.27,1.54,1.72,1.68,1.38,1.8,-0.35,-0.86
06,1921,-0.51,-1.05,-1.05,-1.26,1.11,1.52,1.88,1.94,2.3,2.52,1.59,3.74
06,1922,4.32,4.21,3.82,3.25,3.73,3.91,3.9,3.6,2.98,2.64,2.55,2.76
06,1923,2.3,1.57,0.72,1.31,1.31,1.46,1.79,1.83,1.98,1.91,-0.49,-0.97
06,1924,-1.82,-2.78,-2.02,-1.64,-1.93,-2.33,-2.57,-2.6,-2.62,-2.19,-2.3,-2.29
06,1925,-3.02,-3.52,-3.32,-2.56,-2.15,-2.29,-2.54,-2.49,-2.5,-1.03,-1.19,-1.53
06,1926,-1.97,-1.73,-2.37,1.77,1.94,2.23,2.18,1.95,1.54,1.09,1.63,1.85
06,1927,1.09,3.0,2.78,2.46,2.5,2.59,2.67,2.36,1.95,3.3,-0.31,-0.01
06,1928,-0.94,-1.11,-1.37,-1.79,-1.64,-1.87,-2.0,-2.03,-2.12,-1.96,-1.78,-1.57
06,1929,-1.79,-2.01,-2.01,0.41,0.42,0.66,0.72,0.76,1.1,-0.51,-1.25,-2.27
06,1930,0.74,-0.68,0.41,0.12,1.19,1.78,2.1,2.03,-0.11,-0.31,-0.1,-1.05
06,1931,-1.07,-0.77,-1.67,0.24,0.56,0.42,0.2,0.27,0.15,0.08,0.73,2.27
06,1932,2.1,3.26,-0.88,-1.07,-1.1,-0.99,-0.96,-0.96,-0.87,-0.61,-1.4,-1.33
06,1933,1.45,-0.8,-1.57,-1.53,0.34,0.65,0.94,1.0,-0.18,-0.33,-1.04,0.52
06,1934,-0.3,-0.51,-1.48,-2.21,-2.73,-2.75,-2.86,-2.61,-2.49,1.23,1.44,1.67
06,1935,1.86,1.62,1.7,2.19,2.22,2.59,2.7,3.1,-0.09,-0.24,-0.55,-1.16
06,1936,-2.15,1.34,0.88,0.6,0.63,0.64,0.58,0.53,0.23,1.92,1.05,2.55
06,1937,2.72,3.75,4.2,-0.36,0.2,0.31,0.37,-0.15,-0.42,-0.84,-1.48,-1.37
06,1938,-1.64,1.2,3.36,3.09,3.06,3.13,3.18,3.02,2.64,2.12,1.21,2.12
06,1939,2.08,1.67,1.39,0.93,0.9,0.87,0.79,0.65,1.77,-0.17,-0.66,-1.45
06,1940,0.21,0.57,-0.57,0.32,0.43,0.51,0.43,0.26,0.04,0.73,0.18,1.74
06,1941,2.04,3.25,5.03,6.34,6.11,5.89,5.72,5.52,4.87,5.75,4.78,5.22
06,1942,4.01,3.07,2.42,3.03,2.91,3.1,3.18,3.16,2.64,2.52,1.67,0.93
06,1943,3.0,2.73,2.81,2.67,2.54,2.5,2.48,2.24,1.93,1.78,0.89,2.1
06,1944,1.48,2.83,2.28,2.13,2.11,2.29,2.51,2.53,2.14,1.5,2.96,2.33
06,1945,1.26,1.33,1.91,1.31,1.21,1.21,1.25,1.65,1.45,1.38,0.7,1.63
06,1946,-0.74,-1.17,0.51,0.16,0.21,0.31,0.5,0.38,0.24,0.71,2.65,2.79
06,1947,-0.58,-1.29,-1.67,-1.99,-1.92,-1.93,-1.94,-1.68,-1.68,-1.79,-2.18,-2.25
06,1948,-3.19,-3.33,-2.9,-2.58,-2.61,-2.66,-2.7,-2.66,-2.65,-2.34,-2.83,-2.43
06,1949,-1.99,-2.08,-2.03,-2.42,-1.69,-1.32,-1.18,-1.13,-1.27,-1.44,-1.5,-1.35
06,1950,-1.23,-1.47,-1.8,-1.91,-1.84,-1.72,-1.46,-1.45,-1.26,-1.34,-1.39,-2.32
06,1951,-2.41,-2.79,-3.2,-2.7,-2.87,-3.35,-3.54,-3.23,-3.11,0.19,0.02,1.15
06,1952,3.21,2.15,3.61,3.6,3.37,3.3,3.49,3.23,3.02,2.2,2.99,3.39
06,1953,-0.53,-1.25,-1.67,-1.4,-1.14,-0.8,-0.4,-0.38,-0.58,-0.96,-0.91,-1.8
06,1954,0.64,0.27,1.02,-0.51,-0.56,-0.55,-0.41,-0.55,-0.7,-1.08,-1.06,-1.49
06,1955,-0.79,-1.14,-1.78,0.23,1.06,1.36,1.67,1.92,-0.2,-0.64,-0.7,-0.77
06,1956,0.76,-0.58,-1.44,0.72,1.35,1.86,2.1,1.97,-0.2,-0.27,-1.07,-1.95
06,1957,0.78,-0.46,-0.86,0.14,1.05,1.83,1.93,1.69,1.29,2.44,1.85,1.84
06,1958,1.23,2.03,3.18,4.77,4.68,4.64,4.43,4.22,4.16,-0.45,-1.02,-2.09
06,1959,-2.56,-1.85,-2.72,-3.16,-3.53,-3.86,-4.11,-4.02,-3.75,-3.77,-4.15,-4.16
06,1960,-3.7,-3.38,-3.81,-3.35,-3.17,-3.06,-3.05,-3.06,-2.91,-2.82,-1.67,-2.22
06,1961,-2.79,-3.58,-3.88,-4.55,-5.14,-5.78,-6.11,-5.68,-5.4,-5.27,-4.42,-4.16
06,1962,-3.83,-1.29,-1.41,-1.94,-1.56,-1.29,-1.08,-1.01,-1.14,-1.28,-1.91,-2.72
06,1963,-3.42,-3.15,-2.88,0.48,0.37,0.4,0.38,0.52,1.64,1.82,2.17,-0.9
06,1964,-1.29,-2.1,-2.03,-1.95,-2.02,-2.41,-2.72,-2.77,-2.7,-2.46,-1.86,-1.74
06,1965,-2.39,-2.98,-3.04,1.86,1.77,1.9,2.34,2.53,2.67,1.84,4.08,4.96
06,1966,-0.32,-0.71,-1.42,-1.99,-2.18,-2.32,-2.38,-2.41,-2.27,-2.33,0.55,1.98
06,1967,2.29,1.16,0.99,2.87,2.86,3.06,3.41,3.29,3.27,2.37,3.32,0.02
06,1968,-0.63,-1.39,-1.36,-1.43,-1.56,-1.65,-1.52,-1.51,-1.64,-1.3,-1.62,-1.87
06,1969,3.11,4.92,3.99,3.59,3.56,3.48,3.53,0.03,-0.2,-0.57,-0.54,-1.45
06,1970,-1.97,-2.14,-1.7,-1.99,-2.38,-2.63,-2.8,-2.68,-2.72,-2.86,1.32,2.05
06,1971,-0.51,-1.08,-1.69,-1.62,0.66,1.03,1.32,1.26,-0.21,-0.02,-0.54,1.36
06,1972,-0.8,-1.65,-2.56,-3.09,-3.52,-3.73,-3.97,-3.82,-3.6,0.18,1.17,0.91
06,1973,1.23,2.22,2.56,-0.51,-0.5,-0.51,-0.69,-0.77,-0.93,-1.13,-0.73,-1.27
06,1974,1.21,-0.86,-0.54,-0.79,-0.64,-0.47,-0.38,-0.48,-0.69,0.68,-0.65,-0.2
06,1975,-1.14,-1.2,0.71,1.31,1.38,1.75,2.03,1.95,-0.01,-0.08,-0.48,-1.37
06,1976,-2.55,0.46,-0.32,-0.16,-0.18,-0.15,-0.17,-0.24,1.28,-0.05,-0.6,-1.33
06,1977,-1.29,-2.15,-2.26,-2.92,-2.16,-2.68,-3.03,-2.4,-2.46,-2.66,-3.16,0.49
06,1978,2.13,3.53,5.48,5.59,5.24,5.1,4.65,4.08,4.49,3.56,3.69,3.39
06,1979,4.24,4.02,4.54,-0.57,-0.55,-0.57,-0.58,-0.63,-0.73,-0.34,-0.81,-1.52
06,1980,1.38,3.54,3.64,3.19,3.3,3.41,3.47,-0.07,-0.31,-0.69,-1.42,-2.12
06,1981,-2.33,-2.6,-1.69,-1.88,-1.81,-1.84,-2.14,-2.3,-2.33,-2.05,-1.78,-2.47
06,1982,-2.13,-2.59,1.1,1.53,1.69,2.0,2.35,2.42,3.02,2.69,3.84,3.59
06,1983,4.19,4.49,6.23,6.98,6.6,6.39,6.04,6.16,6.1,6.19,6.29,6.0
06,1984,-0.97,-1.89,-2.71,-3.13,-4.08,-4.61,-4.75,-4.39,-3.99,-3.82,-3.07,-1.63
06,1985,-1.93,-2.25,-2.42,-2.79,-2.67,-2.52,-2.43,-2.52,0.1,-0.13,1.45,-0.45
06,1986,-0.91,0.54,1.09,-0.2,-0.16,-0.14,-0.15,-0.24,0.84,-0.06,-0.35,-1.07
06,1987,-1.48,-1.88,-1.92,-2.62,-3.42,-4.0,-4.18,-4.04,-3.77,-1.56,-1.25,-0.91
06,1988,-1.02,-1.4,-2.1,-1.08,-0.94,-0.76,-0.66,-0.61,-0.75,-1.24,-1.38,-0.91
06,1989,-1.56,-1.75,-2.25,-3.02,-3.43,-3.83,-4.09,-4.05,-3.37,-3.13,-3.52,-4.27
06,1990,-4.19,-4.0,-4.42,-4.69,-4.56,-4.8,-4.95,-4.75,-4.44,-4.56,-4.65,-5.06
06,1991,-5.32,-5.07,2.69,-0.56,-0.61,-0.52,-0.29,-0.24,-0.27,-0.37,-1.11,-0.88
06,1992,-1.03,1.28,2.01,-0.63,-0.7,-0.95,-1.0,-0.93,-1.18,-0.62,-1.35,0.81
06,1993,4.09,5.24,-0.04,-0.72,-0.84,-0.74,-0.9,-1.0,-1.19,-1.41,-1.48,-1.95
06,1994,-2.71,-2.06,-1.99,-1.97,-1.66,-1.56,-1.68,-1.73,-1.78,-1.61,-1.53,-1.93
06,1995,3.6,2.83,4.39,3.9,4.18,4.6,4.81,4.43,-0.22,-0.76,-1.51,-1.99
06,1996,-2.42,-1.5,-1.63,-1.87,-1.74,-1.77,-1.89,-2.05,-2.17,0.99,1.24,1.6
06,1997,2.23,-0.78,-1.76,-2.39,-3.08,-3.55,-3.78,-3.83,0.58,0.06,0.51,1.14
06,1998,1.25,4.84,4.74,4.82,5.78,6.25,6.96,6.72,6.24,-0.34,-0.37,-1.08
06,1999,-1.59,-2.23,-2.24,-1.45,-1.71,-1.99,-2.11,-2.2,-2.18,-2.59,-2.92,-3.72
06,2000,-4.29,0.76,0.42,0.79,0.78,0.84,0.57,0.46,0.26,0.99,-0.63,-1.72
06,2001,0.33,1.12,0.94,1.1,1.17,1.21,-0.1,-0.29,-0.56,-0.89,-0.62,-1.0
06,2002,-1.79,-2.69,-3.26,-3.96,-4.94,-5.79,-6.24,-6.16,-5.77,-5.62,-4.7,-3.96
06,2003,-4.77,0.43,0.44,0.85,1.77,2.4,2.83,2.6,-0.28,-0.8,-0.89,-1.28
06,2004,-2.19,-1.55,-2.34,-2.89,-3.6,-4.07,-4.36,-4.33,-4.23,2.92,2.65,3.51
06,2005,5.39,6.31,5.44,4.86,4.87,4.6,4.44,3.93,3.53,3.84,-0.63,-1.45
06,2006,-1.78,-2.01,0.36,1.39,1.95,2.42,-0.01,-0.38,-0.63,-0.88,-1.58,-2.2
06,2007,-2.87,-3.22,-3.98,-4.53,-5.71,-6.54,-6.98,-6.83,-5.97,-5.65,-5.51,-5.22
06,2008,-3.11,-3.09,-3.71,-4.08,-3.84,-3.86,-3.95,-3.91,-3.88,-4.05,-3.56,-3.03
06,2009,-3.77,-3.08,-3.57,-3.92,-4.26,-4.39,-4.51,-4.46,-4.39,-3.43,-3.78,0.21
06,2010,1.42,1.57,0.68,1.06,1.11,1.37,1.44,1.26,0.93,2.18,1.82,4.13
06,2011,3.11,2.91,3.16,2.34,2.49,2.51,2.55,2.26,1.9,1.88,2.0,-0.66
06,2012,-1.55,-2.29,-2.28,-1.95,-2.69,-3.63,-4.1,-4.09,-4.03,-3.97,-3.95,-3.66
06,2013,-3.94,-4.35,-4.7,-5.45,-6.12,-6.8,-6.98,-6.67,-6.26,-5.69,-5.58,-5.99
06,2014,-6.85,-6.63,-6.56,-6.76,-7.86,-8.49,-8.7,-8.08,-7.53,-7.32,-7.14,-5.79
06,2015,-6.0,-6.34,-6.74,-7.05,-6.69,-6.99,-6.69,-6.5,-5.34,-5.09,-5.06,-5.18
06,2016,-4.52,-5.07,-5.02,-5.27,-5.4,-5.87,-6.13,-6.04,-5.57,-5.0,-4.77,-3.85
06,2017,-1.75,-0.73,-1.57,-2.15,-2.09,-2.35,-2.71,-2.59,-2.44,-2.83,-3.43,-4.3
06,2018,-4.47,-5.01,-4.31,-4.85,-5.36,-5.9,-6.23,-6.19,-5.97,-5.39,-4.86,-4.7
06,2019,0.61,1.91,1.71,0.93,1.75,1.99,1.91,-0.17,-0.36,-0.87,0.5,1.22
06,2020,-0.85,-1.75,0.75,2.03,2.06,2.12,-0.03,-0.24,-0.62,-1.23,-1.69,-2.15
06,2021,-2.23,-3.07,-3.22,-4.01,-4.99,-5.85,-6.16,-5.99,-5.72,-4.67,-5.13,-3.07
06,2022,-3.63,-4.14,-4.25,-4.54,-4.78,-4.99,-5.17,-5.08,-4.37,-4.26,0.18,0.41
06,2023,2.61,2.76,4.3,3.26,3.27,3.15,3.08,3.21,-0.09,-0.62,-1.07,-1.16
06,2024,-1.38,1.8,2.13,1.94,1.94,2.01,-0.15,-0.5,-0.76,-1.33,-1.79,-2.77
06,2025,-3.58,-3.51,-3.11,-3.42,-3.86,-4.29,-4.52,-4.43,-3.81,-2.88,-0.98,99.99
07,1895,1.85,1.91,2.12,2.89,4.89,6.12,-0.05,-0.36,-0.69,-0.59,-0.4,-0.73
07,1896,-0.74,-1.37,-1.21,-1.39,-1.82,-2.29,-0.02,0.42,0.21,1.1,0.92,0.59
07,1897,1.16,1.75,2.13,2.26,2.38,2.31,1.92,1.81,2.01,2.72,-0.35,-0.57
07,1898,-0.54,-1.05,-1.16,-1.87,-1.82,-2.16,-2.15,-2.11,-2.08,-2.28,-2.32,-2.17
07,1899,-2.02,-2.34,-2.21,-2.74,-2.92,-2.92,-3.2,-3.25,-3.4,-2.68,-2.38,-2.51
07,1900,-2.81,-3.44,-3.94,-3.54,-3.37,-3.6,-2.95,-3.18,-2.93,-2.7,0.98,0.26
07,1901,0.48,1.47,1.07,0.91,1.3,1.39,-0.41,-0.3,-0.36,-0.21,-0.59,-1.25
07,1902,-1.58,-1.54,-1.19,-1.27,-1.75,-2.12,-2.11,-2.3,-2.52,-2.51,0.31,0.29
07,1903,0.12,0.09,0.69,1.32,-0.44,-0.74,-1.16,-1.44,-0.99,-1.18,-1.6,-2.06
07,1904,-2.11,-2.25,-2.11,-2.28,-2.61,-2.93,-2.78,-1.85,-1.61,-1.53,-1.91,-2.07
07,1905,0.12,1.36,2.4,2.82,3.36,3.92,3.43,2.87,2.64,2.0,2.42,1.86
07,1906,1.51,1.4,2.62,3.3,3.15,3.08,2.83,2.94,2.3,1.63,1.88,3.04
07,1907,3.78,3.39,4.25,4.52,5.04,5.81,5.54,4.5,3.66,4.72,3.79,3.03
07,1908,3.02,3.18,2.78,2.25,1.96,1.73,1.5,1.96,2.92,2.69,2.06,1.73
07,1909,2.18,2.59,2.89,2.96,2.89,3.12,2.71,3.88,3.76,3.2,3.25,3.87
07,1910,3.88,-0.41,-0.67,-0.93,-1.03,-1.13,-0.72,-1.04,-0.87,-0.7,-0.54,-1.01
07,1911,0.73,1.3,1.52,1.71,1.77,2.04,2.24,-0.54,0.54,0.51,-0.33,-0.54
07,1912,-1.17,-1.94,1.12,2.02,1.96,-0.14,-0.02,-0.19,-0.52,0.59,-0.27,-0.74
07,1913,-0.9,-0.35,-0.35,-0.47,-0.68,-0.68,0.83,1.42,1.15,0.62,1.12,0.66
07,1914,1.86,2.38,1.92,2.34,2.6,3.01,2.89,2.02,1.69,1.49,0.99,1.35
07,1915,2.44,3.19,2.94,3.58,4.37,5.45,5.15,4.56,3.89,3.03,2.55,2.17
07,1916,4.52,3.98,3.57,3.37,3.59,3.93,3.95,3.53,3.43,3.6,2.9,2.85
07,1917,3.05,2.72,2.42,2.55,2.59,2.61,2.71,2.59,-0.4,-0.85,-1.07,-1.75
07,1918,-2.13,0.08,1.21,1.33,1.12,1.06,1.35,1.32,1.81,1.71,1.55,1.64
07,1919,1.0,0.93,1.33,1.39,-0.48,-0.9,0.46,0.08,0.83,0.83,0.89,0.5
07,1920,0.37,1.12,1.73,2.0,2.06,2.16,1.76,1.77,1.39,1.72,-0.25,-0.55
07,1921,-0.08,-0.51,-0.64,-1.08,-0.76,-1.09,-1.04,0.54,1.14,1.35,0.73,2.72
07,1922,3.34,3.39,3.45,3.79,5.25,6.51,6.33,6.22,-0.29,-0.46,-0.21,-0.08
07,1923,-0.23,-0.55,-0.84,-0.77,-1.42,-1.68,-1.69,-1.64,0.59,0.62,0.84,-0.05
07,1924,-0.6,-1.52,-1.3,-1.32,-2.0,-2.44,-2.68,-3.0,-3.02,-2.75,-2.79,-2.41
07,1925,-2.72,-3.12,-3.12,-2.8,-3.18,-3.08,-2.83,-2.55,-2.59,-1.37,-1.35,-1.65
07,1926,-1.88,-2.04,-2.63,-1.99,-2.38,-2.58,-2.82,-2.59,-2.43,-2.31,0.59,1.2
07,1927,0.64,2.05,2.1,2.29,2.53,2.8,2.88,2.31,1.87,2.32,1.86,2.25
07,1928,-0.53,-0.61,-0.92,-1.43,-1.52,-1.84,-2.26,-2.63,-2.83,-2.72,-2.59,-2.33
07,1929,-2.32,-2.3,-2.22,-2.05,-2.55,-2.71,-2.95,-2.29,-1.56,-1.86,-2.19,-2.78
07,1930,-1.95,-2.1,-1.63,-1.74,-1.33,-1.51,-1.84,-1.87,-2.0,-1.92,-1.79,-2.2
07,1931,-2.28,-1.43,-1.73,-1.49,-1.79,-1.7,-1.97,1.56,1.53,1.37,1.76,2.33
07,1932,1.96,3.19,2.58,2.46,2.89,3.54,3.04,2.18,2.06,2.3,1.45,1.45
07,1933,2.31,-0.34,-0.66,-0.59,0.22,0.58,-0.16,-0.45,-0.85,-0.98,-1.31,-1.08
07,1934,-1.37,-1.79,-2.98,-3.71,-4.2,-4.04,-3.75,-3.24,-3.27,0.52,0.31,0.48
07,1935,0.81,1.36,1.48,1.98,2.07,2.25,-0.24,0.23,-0.05,-0.31,-0.5,-0.61
07,1936,-1.21,0.7,-0.26,-0.78,-1.28,-1.51,0.8,0.79,0.4,1.56,1.16,2.22
07,1937,2.26,2.69,3.25,3.51,4.26,4.61,4.19,-0.66,-0.85,-1.24,-1.67,-1.63
07,1938,-1.98,0.74,2.54,2.89,3.44,3.96,3.78,3.15,2.8,2.37,1.78,2.45
07,1939,2.55,2.31,2.28,2.41,2.25,2.03,1.73,1.47,3.35,-0.24,-0.32,-1.02
07,1940,-1.01,-0.44,-0.65,-0.81,-1.28,-1.68,-2.13,-2.55,0.32,0.29,0.03,1.3
07,1941,1.8,2.8,4.08,5.46,7.56,9.01,8.87,8.88,7.75,8.2,7.29,7.25
07,1942,-0.43,-0.66,-0.62,-0.52,-0.91,-1.21,-1.52,-0.98,-1.28,-1.37,-1.72,-2.08
07,1943,1.65,1.52,1.87,2.45,2.45,2.37,1.89,1.33,1.31,1.26,0.68,1.85
07,1944,1.46,2.75,2.72,3.04,3.76,4.25,4.06,2.98,2.22,1.64,2.83,2.26
07,1945,1.65,1.89,2.44,2.53,2.3,2.16,1.95,3.14,2.6,3.09,2.4,2.81
07,1946,-0.53,-0.81,-0.79,-1.41,-1.81,-2.12,0.55,0.29,0.2,0.45,1.69,1.69
07,1947,-0.47,-1.07,-1.65,-1.94,-2.3,-2.49,-2.81,-2.53,-2.74,-2.51,-2.54,-2.09
07,1948,-2.58,-2.59,-2.48,-2.7,-3.02,-3.04,-2.94,-3.24,-3.32,0.56,0.08,0.03
07,1949,1.3,1.24,1.31,1.32,1.63,1.87,-0.33,-0.65,-1.04,-1.16,-1.41,-1.41
07,1950,-1.58,-1.95,-2.36,-2.96,-3.34,-3.53,-2.82,-3.08,-2.46,-2.65,-2.61,-3.15
07,1951,-3.07,-3.32,-3.68,-3.47,-3.51,-3.65,0.05,0.59,0.37,0.46,0.41,1.06
07,1952,2.2,1.62,2.66,3.66,4.58,4.71,4.92,3.81,3.89,2.9,3.21,3.35
07,1953,-0.65,-1.12,-1.58,-1.77,-1.79,-1.96,-1.96,-2.03,-2.33,-2.47,-2.6,-2.95
07,1954,-1.94,-2.13,-1.32,-1.29,-1.68,-1.84,-1.17,-1.57,-1.45,-1.75,-1.57,-1.78
07,1955,-0.99,-1.22,-1.48,-1.59,-1.54,-1.68,0.51,1.34,-0.46,-0.92,-1.11,-1.2
07,1956,-1.15,-1.51,-2.09,-1.81,-2.21,-2.59,-2.05,-2.44,-2.73,-2.46,-2.66,-3.08
07,1957,-2.23,-2.45,-2.63,-2.62,-2.45,-2.56,-2.7,-2.54,-2.68,1.02,0.91,0.63
07,1958,0.1,0.48,1.29,2.43,2.32,-0.11,-0.32,0.24,0.27,0.28,-0.24,-1.07
07,1959,-1.6,-1.3,-1.88,-2.64,-2.99,-3.34,-3.32,-3.01,-2.46,-2.37,-2.42,-1.75
07,1960,-1.5,-1.2,-1.57,-1.85,-2.01,-2.11,-2.28,-2.66,-2.04,-1.85,-0.91,-1.34
07,1961,-1.79,-2.52,-2.92,-3.38,-3.65,-3.93,-4.02,-2.85,-2.91,-2.93,-2.5,-2.32
07,1962,-2.26,-1.4,-1.22,-1.46,-1.39,-1.41,-1.49,-1.98,-2.0,-2.02,-2.41,-2.66
07,1963,-2.77,-2.9,-2.92,-2.83,-3.24,-3.11,-3.41,0.28,1.88,2.37,2.29,-0.68
07,1964,-1.1,-1.67,-1.87,-2.07,-2.26,-2.51,-2.39,-2.5,-2.64,-2.75,-2.14,-2.37
07,1965,-2.86,-3.33,-3.26,-2.25,-2.62,-2.71,-2.25,-1.99,-2.03,-2.36,1.6,2.79
07,1966,-0.13,-0.21,-0.37,-0.55,-0.36,-0.34,-0.29,-0.73,-0.79,0.06,0.04,0.69
07,1967,0.68,-0.61,-1.05,0.48,-0.28,-0.41,0.13,0.48,1.32,0.67,1.23,1.23
07,1968,-0.59,-1.16,-1.42,-1.76,-2.26,-2.51,-1.32,-1.46,-1.78,-1.74,-1.92,-2.02
07,1969,1.46,2.78,2.63,2.9,4.12,4.74,4.94,-0.52,-0.33,-0.58,-0.46,-1.07
07,1970,-1.49,-1.64,-1.5,-1.77,-2.36,-2.67,-2.52,-2.18,-2.36,-2.47,-1.62,-1.4
07,1971,-1.85,-2.34,-2.9,-3.1,-2.8,-3.06,-3.16,-2.56,-2.55,-2.34,-2.42,-1.63
07,1972,-2.04,-2.58,-3.61,-3.9,-4.15,-3.92,-4.09,-3.94,-3.67,0.83,1.39,0.94
07,1973,0.94,1.43,2.13,2.32,2.51,2.45,-0.57,-0.77,-1.13,-1.37,-1.13,-1.62
07,1974,0.94,-0.53,-0.4,-0.7,-0.85,-1.06,-0.9,-1.12,-1.5,-0.56,-0.9,-0.74
07,1975,-1.3,-1.64,-1.54,-1.17,-1.69,-2.03,-2.18,-2.51,-1.82,-1.8,-1.96,-2.47
07,1976,-3.12,0.84,0.69,0.78,-0.06,-0.28,0.0,-0.53,2.16,2.1,-0.43,-0.95
07,1977,-0.89,-1.57,-1.73,-2.35,-1.93,-2.22,-2.5,1.78,-0.26,-0.54,-1.03,0.43
07,1978,1.89,2.98,4.28,5.05,6.82,8.54,7.53,6.32,5.91,5.48,5.39,4.97
07,1979,5.54,5.15,5.62,5.46,5.62,5.63,5.95,5.93,4.96,4.18,3.36,2.46
07,1980,3.3,4.96,5.3,5.96,6.94,8.39,8.08,-0.59,-0.7,-1.06,-1.5,-2.13
07,1981,-2.3,-2.67,-1.94,-2.12,-2.19,-2.66,-2.92,-2.93,-2.53,-2.16,-1.71,-2.3
07,1982,-2.06,-2.17,0.72,1.38,-0.44,-0.72,0.07,0.52,0.97,0.8,1.49,2.02
07,1983,2.24,2.72,4.63,5.23,6.81,7.97,7.24,8.81,8.33,7.97,7.17,6.67
07,1984,-0.74,-1.52,-2.32,-2.7,-3.38,-3.57,1.72,2.48,1.97,1.53,1.99,3.36
07,1985,-0.16,-0.45,-0.58,-0.87,-0.88,-0.77,-0.59,-1.18,0.55,0.31,1.27,-0.29
07,1986,-0.65,-0.33,-0.14,-0.37,-1.03,-1.53,-1.22,-1.3,-1.19,-0.86,-0.88,-0.92
07,1987,-0.95,-1.23,-1.22,-2.02,-2.17,-2.38,-2.38,-2.71,-2.56,1.12,1.75,1.83
07,1988,1.89,-0.2,-0.68,-0.14,-0.41,-0.47,-0.86,0.99,-0.25,-0.83,-1.08,-1.21
07,1989,-1.14,-1.4,-2.04,-2.97,-3.16,-3.4,-3.54,-3.36,-3.21,-3.22,-3.45,-3.83
07,1990,-3.62,-3.6,-4.04,-4.31,-4.38,-4.44,-3.82,-3.5,-2.95,-2.96,-3.09,-3.28
07,1991,-3.24,-3.25,1.82,1.93,1.83,1.91,1.94,-0.33,-0.03,-0.28,-0.7,0.1
07,1992,0.07,1.42,3.1,3.68,4.64,4.7,4.11,3.55,2.7,2.85,2.11,2.99
07,1993,5.3,6.7,6.25,6.49,7.45,7.91,-0.18,-0.49,-0.92,-1.14,-1.03,-1.43
07,1994,-2.11,-1.95,-2.0,-2.44,-2.62,-3.04,-3.26,-3.42,-3.25,-3.08,0.11,0.24
07,1995,2.65,2.15,2.88,3.29,4.03,5.04,4.7,-0.48,-0.83,-1.25,-1.91,-2.13
07,1996,-2.64,-2.58,-2.91,-3.4,-3.72,-3.98,-3.81,-4.02,-3.87,-3.26,-2.78,-2.69
07,1997,-2.35,-2.69,-3.58,-3.89,-4.45,-4.32,-3.6,-3.81,1.8,1.28,1.08,1.18
07,1998,0.79,3.3,3.66,4.15,5.19,6.83,7.29,6.32,6.47,-0.26,-0.55,-1.1
07,1999,-1.65,-2.16,-2.71,-2.07,-2.44,-2.64,-1.56,-1.88,-1.64,-2.03,-2.46,-2.97
07,2000,-3.51,-3.1,-2.95,-3.42,-3.97,-4.15,-4.36,-3.67,-3.74,-3.19,-3.21,-3.7
07,2001,-3.02,-1.76,-1.51,-1.26,-0.98,-1.22,-0.89,-1.38,-1.69,-1.96,-1.89,-2.09
07,2002,-2.64,-3.34,-3.68,-4.08,-4.41,-4.61,-4.63,-4.84,-4.58,-4.41,-3.77,-3.48
07,2003,-4.19,-3.2,-2.79,-2.22,-2.4,-2.62,-2.54,-1.91,-2.01,-2.45,-1.72,-1.72
07,2004,-2.2,-1.27,-1.76,-1.9,-2.3,-2.51,-2.76,-2.6,-2.63,1.74,2.19,2.91
07,2005,4.42,5.98,5.67,5.99,7.69,8.32,7.89,7.47,6.94,7.2,-0.6,-1.09
07,2006,-1.45,-2.05,-1.89,-1.95,-2.6,-2.95,-2.78,-3.03,-2.97,-2.53,-2.88,-3.13
07,2007,-3.45,-3.85,-4.57,-4.81,-5.19,-5.31,-5.14,-5.04,-4.05,-4.03,-3.81,-3.33
07,2008,-2.07,-2.06,-2.41,-2.64,-2.45,-2.37,-2.15,-2.24,-2.47,-2.67,-2.1,-1.46
07,2009,-2.01,-1.57,-1.83,-2.3,-3.01,-3.02,-3.24,-3.45,-3.6,-3.3,-3.46,0.19
07,2010,1.86,2.25,2.05,2.3,2.74,3.65,2.91,2.14,1.41,2.31,1.81,3.38
07,2011,-0.49,0.17,0.25,0.14,0.26,0.45,0.65,0.26,0.53,-0.18,-0.18,-0.54
07,2012,-1.26,-1.88,-2.35,-2.51,-3.15,-3.48,-2.69,-2.01,-1.98,-1.84,-2.23,-2.05
07,2013,-2.04,-2.37,-3.13,-3.74,-4.09,-4.36,-3.66,-2.82,-2.38,-2.38,-1.96,-2.4
07,2014,-3.34,-3.89,-4.26,-4.57,-4.8,-4.98,-4.52,-3.47,-3.05,-3.3,-3.53,-2.98
07,2015,-2.95,-3.48,-4.14,-4.44,-4.21,-4.36,-2.87,-3.19,-3.07,-2.07,-2.11,-2.37
07,2016,-1.97,-2.48,-3.14,-2.99,-3.24,-3.49,-3.62,-3.72,-3.51,-3.18,-3.3,0.56
07,2017,2.14,2.48,1.76,1.75,2.2,2.36,-0.31,-0.52,-0.29,-0.79,-1.38,-2.12
07,2018,-2.39,-2.99,-2.9,-3.51,-3.75,-4.04,-3.5,-3.69,-3.81,0.38,-0.28,-0.4
07,2019,0.39,1.59,2.07,2.34,3.0,3.64,-0.24,-0.84,-0.84,-1.17,0.56,1.15
07,2020,-0.69,-1.33,0.79,1.67,-0.71,-1.12,-1.65,-2.16,-2.52,-2.88,-3.06,-3.33
07,2021,-3.3,-3.82,-4.03,-4.58,-4.96,-5.13,-4.15,-4.14,-4.04,-3.57,-4.0,-3.16
07,2022,-3.55,-3.9,-4.43,-4.84,-5.17,-5.24,-4.95,0.65,0.89,0.63,0.59,0.33
07,2023,1.13,1.18,2.16,2.27,2.5,2.72,2.12,3.22,3.09,2.32,1.75,1.08
07,2024,0.83,1.73,2.01,2.12,-0.15,-0.36,-0.85,-1.41,-1.76,-2.21,-2.35,-3.01
07,2025,-3.41,-3.76,-3.69,-4.08,-4.17,-4.37,-4.35,-3.93,-2.64,-2.34,-0.84,99.99
